sequence,mutation_type,resistance
VFIIPCYRIFRQNCCQVVPNGWLVNQCNNAYTFVCPKVDHAQGAGKARFI,Deletion,0
MVSLEGTQCWNVSVQDTRFDYMMCNHIDNFVEVHHRSSLPQEVVPLPQNQ,Insertion,0
PMSRLQTMTTAKSAFFFNPVLTWHFSWSVDQLLGECIKAKTAHSGRYECP,Insertion,1
MRDIRRDGAADVHGWAYNFPTQVKSFWTYYFFMSECLTKSICREFHFNWF,Deletion,1
TVHYMYKDSATHYERGTVVDHIMVNAADCKYEGMGKGWVPCACKVQATNN,Deletion,1
NTCMFTDATHSAQDAMPNQSIMIQHVIFYGRMYIHGMFVNDTAHCYITKY,Deletion,1
SYWQPKSYWWQIPGWPIWRTNTIFQRCPGQFRNLRSDEKQVEKKIGTEVR,Deletion,1
DCPSDEAFGPNDTMFWECYRAPERPQHTLQWWTEREYRSHSCNSFFKFGE,Deletion,1
TTCPLRVCVKLRQKVARTNRPKYESFHAHYTDWRQRQGLMRYFVCRPAYR,Insertion,0
FVKSMVHTEVSTKLTFHGVQWSAQPSAKQIMAMLALVTDCMKRTTCLKLW,Insertion,0
WAVCQGSSPCEDNQFQYLMAHDDNPDCINIVCHALHGPRQHNGWNGYQPY,Deletion,0
YIYYDQDTFLAMRWWQWLVFSYEAQRHFWGWNCAGQLTIWQSIVICYFCT,Substitution,0
HTVVDYYKPHPPISPAKVGYTTQNWETWMPNRRRHEQVAGAMFYLWIHQG,Substitution,0
QGPLDMTHDMQAREVNHYLLTQSWQAEVFMGRKWAKANPMNIENDRSHID,Deletion,0
RTCASDQLFKLYVKAKWFYSWTHAEFALHGPKKAKFHEGNCRWREMVWQR,Insertion,0
CPRRSFIEERSTMDQDCQGSPFMLRRNVKDSQSDSWGMEADAIAAWWNGI,Insertion,1
NKQMNAWNWCGLSHFNIAGKDWCNNKPCGIPHLYMTYNDLAFLLSPIWMQ,Insertion,0
SHRLCFYMWEVLQFSMPDKTTYIWAASEKDGVHWLKGQWEVVYIMWMMTS,Deletion,1
HMNNVYWKRHGCVYLRVHGYKWYNFKLHPSCSWDNFKTAKCKTTCVMIIT,Substitution,0
YRDFPKEYIILKYADLRVKHMYDVQAAFWHSVKIYLNHASTPMPMGSFML,Insertion,1
PKDGSLHDWEIAFYTIQHEQTTLTGLDQLITFFTIYTKWDLEFIRFTFYD,Deletion,0
VEWPFQTTMMHFYMWCCYCRVMQVLHDDKTFISGSVVMNVPEYHHHHCIC,Deletion,0
INTWRCNHMWTCHPWFHTQWCCIAFNNHIHWFLRMKFFQGWRADERWRHI,Deletion,0
FLVHNQARERIEFWVNMNGFVWIMNGGCCAIMCYSTIVSLTCVSANKKNC,Substitution,0
TMWHCWHILRNLVHQSRRRGDDNMDDTTRCICTINRKVMHKGWGRNYYRT,Substitution,1
RMVAWCDYKCVKDAIPLIAAGCLMVVDDKRDFEYGCNNINSGYVAVTMRS,Deletion,1
CPWWKIIRNLLRKSTVWMWPYAIMFNDSMFYMIISAVVLPNLGTMYKFIQ,Deletion,0
ISDYKEGDWCNWYQHLVNQGCQMDQMLILIFAIWWGDYGGCGFARHVRLN,Substitution,1
SPLFTSTTCDCENPYNRPNGQCPPQPMSGAMCKTSIQCRWCIRWTTRWSK,Insertion,1
CIVVMVHYVWYKEAVRILKHSSKYCCMWRVNSNSGRYVWKGIPASECIHI,Substitution,0
FTHEPVNPCMEGFSETMLFVYGWDEQCGYTNETNYISPPEKGNSIFGDFS,Deletion,0
NWLDHFLVTSPNRNEYSCNAERENRSLQQTYFDTTTCKYYWAYARCGMRK,Substitution,0
VESHCDFGHVPCAECHMKWPRLHMHWWSECFTWYCSKHEKTAFQTEQSHI,Insertion,0
SGRGLHNMSRCPSKIFQYEFEKDPRGHDMQVWMFDGYHNAMYVEPYYQQY,Deletion,1
RRCPIYANMRRNNLYEECWKGLNRNTVWMYDKPISSQFPVLCTCVFYPAT,Substitution,0
EPEHNGELDWAPVVDDTSPTDDQFRGQDFRYFKCAMFKDKREMWCPNEVN,Insertion,1
PTCGSVVWWFIDPNSWQHQQMPEDPSAGFAQSKEREEPSEVVSYQDKMFT,Substitution,0
KGKFKNFFPPVKLVADVFDVYCHHSSCKLQREYTVEGFIHYKEHYVQCMG,Substitution,0
VEVENRKFAIDRWYNHACQLMLLWKCHQITLLCRTPSWMICNEPERVEWF,Deletion,1
NRKTTMAEHRYKSRWPMKVKIWLYWQWWMGSNCGHTFKTHHVVCTWAWNF,Insertion,1
FCIQNWPQWPTQLHHFGSRPMSCLLKQSFSGDWEHDPDHFFCYVHRRNFI,Insertion,1
SYARISMVGIHLSFDLETFWFLNYGSNVDQIMPNDTFKMVCTSRMEARHY,Deletion,1
SKCWRFMDSRLAIWISGKSKWDGGYFISFMYWVQEHRYAPSGGEDEYLCM,Substitution,0
QFNSPFLVSVQYVNVPEPDMLAHADMGKYWNHNNPSIFRLTDIRWTSPEG,Substitution,1
GGSIHRCRMGATEAMAINDMNPLSHCIHCFNVVTVYRTCMNEWHSSDTVI,Substitution,0
HASESNERQPSEQCRFVDFQLPINACYAAHKRRTFNIADQDFECCVPYIL,Substitution,1
HFDGWNMNTMAGLSLRKKAACTMQDPFDWMHTIWHYDTNPTMIWLICKNQ,Substitution,0
NQWFSLNNQSGYRWVWIQIRWVCMYYSMWHLSYRSNELIIRFSSCSMVIA,Substitution,0
NDMIYFHDSEWVDSHDTSRHGEPIWWMYMETYYYTTVFGFEIFHSHDMGA,Insertion,1
KRHNCPPVNTRMMYVYAWSCLYGVNTRMDPATNDDNKKDMHPRIQSYHVE,Substitution,1
VFAEQGFCGQRFLGWCDITEELGENDDYNSATRFSNCREYRLRVLATQIS,Deletion,0
YWSVAGTTPSVWFARDSLISFNSGAETEFHSWDELAFASLWHCSWSYTDM,Substitution,1
ADRMVLWYDFGQPLGRSALKNQCFQISQYHFTWMEVAGRELPFICSAFGD,Deletion,0
YQCLVDHFPGELIMLSGLPLMPCWIRWPIRSYRVYFCKHILEDDTYVHQD,Substitution,0
TNWTRPNLLDQPDIPMPMSCPLMECWEKAQGPKLEWDVTMEVVFQMMKNQ,Deletion,1
CIWECTHTWKHWEMNWKMQFMQEEPKCRNNAKDQLTESQRDDCQAMNRHM,Deletion,1
KWHIRPYPQHCNIAQAQYEHGFYREPSQHCMMFDPTTYFGGYGRHHGWKV,Deletion,1
MWVVMTNCKMWTMGLTHYPYITCIMSWHVWPETYQAESNQDCLKWCSVPN,Insertion,0
FTMHGHTMGMPHGILYRSKAQHPKDAGINRAAEDTVCPVMHISYHWTKPL,Insertion,1
HCEKEHLLIVPDSGGKREGHVGNHQHMESMAHLCFRMELQKYANSWCCYD,Insertion,0
IHWPVQGFKVQAHCPIAVETTWMGTTMDFVPLCFNSWNWTVWEEPSARWR,Insertion,1
SQLCWTWELYWTMFCARRYIGVPAWNYTPPKHMEYLQALGDRLTIPVWIN,Substitution,0
LNEYSQHAQAWVALIFCHRELHACNPCHYRLCNWKELHLPAHAAGDSLHI,Deletion,1
GRVHDVLKSILTYEMYNIIQEDVHPAVCMQIVNWAMAGLPSCRMCTYPKY,Deletion,0
PTECAQCHNMESTQIWQIFRTVGIVEAHFNESIFESEVSVHTFECKCDHR,Substitution,0
RPTFEAYCCYWMAIKALNYFYVYTYMIMIRIYYTGHYVACGRQCNKMCDY,Deletion,1
PIHQCKHQALAYQYIFNYSTMVMKQPIDPMHSNNKGHEAEISKHVTMLMP,Insertion,1
KDQLAGILYFMRQNMRDGALQMRLKKIGCGFRKSRHWFSTNLESSGFWAW,Insertion,1
NSGTAIAGVAKLYTHQSKHDCCPEMHWALGFDYPMQLRSPVLGKSIYAMT,Insertion,1
GTYACSYDSRWGRQMFTQELLVLYHSIHVQPLWCLVAEVWATSHSLWFMR,Deletion,1
IRTFIEYFHGWPQCTQWRQCVRKVFQFKGESSQPNGLQMEYTWFVMKMNK,Insertion,1
SGLHAMVCNNKRNLNHVCAGELKPKMKKFQYHRRWHDMHPVFDFQDMNVV,Substitution,0
WGQIRGPNHWCHIKDCPSNDVVHDQHNNYVWMEWPFAVSMELCVEVEQFS,Deletion,0
VVLFCFHMLAHNKWYIVEQAVNRKFWLQPRMHDWNIAHSGSDLTRPMWPA,Substitution,0
GTHCQHTPGHLNTIHQEMIWCYIPGQCHCQICRYLIADISCATDMMHVQV,Substitution,1
CPNNPTKEQQTEVQVTHLFPKLARGMYFHKSGIWHGTTVIVAMETRQCYR,Insertion,0
ATYFWQLACKWHAPAPVCPNISVPAWRFQQEMVQQSVHPKMVGWFLKYPL,Insertion,0
ARQTFTSLQNPMAYLTNQVAGYMNMQWMRMNLFTKKGSRNWAWNEAADCP,Substitution,0
GPLNNQCGLTTDHPYEEIVGWSIQPAAIADMVKVKVVYFHSWEIKMAYIT,Deletion,0
ILGMFDYSSSIDLFEENYLSFYQWYIWTHIAKVWCPEQVMKQAKKQFYYK,Substitution,0
LIRQMGGRMTWGHCACGTKLHNPYHKSAVFGWPRKWTIPHGQGMGVSFNF,Insertion,1
RSAWGDHNTYFDPDKCLWFLNFDTCCFKLGRVFFTNIQIHWEMSEFKRRE,Deletion,0
AINSCFAMIYIIYHGQCGLPAVYKCRKKYTYNHCFHKMGSNWTPGNNRYW,Substitution,0
DHNDNNDKLSYAWSPMQFFNVKQMGTMHSDYYNQTCPTPRFTGFHKHCAI,Substitution,0
TYDLPHPQQLVQDTFVHYIMNSTHANKPPEMWQLGRYNYHDDANCCMMDS,Insertion,1
HILLCRSRIMYYVRFKPGSAVNHHRPQNSAVNHHVGELVNFPTCWYCPWL,Substitution,1
TPSNMEEMWKTCTEYPFADAKDMRMRGCFMKWAKWPPRAFWPHTEGAQIH,Insertion,0
ADMVFEWIDQILTVEIIGKKQFVIIFCSHWTTAPWYPRKKLPLLQMNHRQ,Insertion,1
MFEMIECTRCFKDIYTEMMHCWQTGMHAQSTCYDGLWMETRHVDPYPAHV,Substitution,1
RESHYAPQFPHVKYPIYRINCHVGWVLEKMPEPDMRCKWCHYIPKSIATA,Substitution,0
NKDDERRCEHQQYCTIDTSMNGLCCLRKNGGIVKRQWEHYQYPDWDYMGR,Deletion,0
HWPVAVWKEYSWMVWGIISAKYAGFQKSIDALFDDQLSPGYHAPHIYWPE,Insertion,0
KFFSADWLQFQMFNYWTWWIILKMITRCQPAVSSKIPVASHHVYFYNVSY,Deletion,1
HPHQVYHNIDKCYSHVDYKPYSNNTRSGQVFNLEYMYATFATRPYIHTKV,Insertion,1
HHLWCKQSVSMYVMTHFYCHADEYHLCDRDCALYSWALCSRHTGGESTDP,Insertion,1
GEILHGKFDNPPFPQWVQKINPLWFRMSFNPFKAAMATGILWIEWQSGDK,Deletion,0
MDSQQWILKNRQISWRKVYQPSQVCRNAAYQFDLQHHRGRDRHGPRHIIW,Deletion,0
DRARKPHTGKFNMFLACDRRIRSLEKMIGGQTGTNCCMGHQSASYHGCVA,Insertion,0
PQFILHFVLETICHWRRYADIWRLAIIVDGIKENLWMHGEMCPAKSHAWL,Deletion,0
IDQRICIPGINEVKDNPQYKTANNVECTLFMPAWCASGPESKPACYQFKL,Substitution,1
CRAEIISTPERHHVLFKKCNAGYSLKYKPDHCWWYSCNARVNYMGQTNFR,Insertion,1
TWLLINHSIIWTAHWHQLQTPEWWQWLWLCVDDTHSLSNCLYEPACGQRI,Deletion,1
HWEKTEDQGEYHHMLRESSGTEAHHLWCAEEHPDKHDEDNCRLCDHRRLH,Insertion,0
NAKGMMWDDWALWRQLMRYMTIYMMCIWGWICFHYFECHSDLVVGCGPFL,Deletion,0
YRGTMDCEFNFTFGFAKLHEETDMEKFCQWTTYVQWCGVICWTRHCSWPY,Substitution,0
ADLPGGFFIMTQWLWFINPVKMHCGEWPVWLHGCDVYTHIGQPNCQAQQQ,Deletion,1
GWGELMFGVEFPAADEMNGAWDCEDWNHFMHRYWLFMKITDGGPEHCFPM,Insertion,0
MKCQIIAPMCVYKQECNWMSHNMGPATECNVYPFNTELFVLCRLTWVFVT,Substitution,0
HQLAAGCTNNKIPDTLCMCRQKYFIWTECCLGEVAHCRNCDWHRDLMGRQ,Deletion,1
VQNQNLINPILSEPDAFWQVVLSGTASALTMVSWWPTPNMRDKEDWCNAE,Substitution,0
RTAIKRMHYMCERSWNGEFCPARNITVQPFHKLNEATNGGKGHCTVTCMF,Substitution,1
GDDPMTVIYEEWWSLTNCLRMEYKELKWAAVFALREAKSDKKLVQCKCVS,Deletion,1
EGMKASTAVHTRGKCAANYANQNGGYHLYHYAEEEPFLVKPFGLNFNCHY,Insertion,0
QPFTSRAFHVCYNHQRGTIMHLSKNEGPYCWGDGKYMILGKTIDSIWVMW,Deletion,0
NCFWLNAIREVVIGYFDFVGWVNNKCGYDAPPECIWCDDAPSGQTCWHAF,Substitution,1
MPIPWPHEQLNWTWKPMPGVCIQHYTQAQCNSTTSSDLGANWTIEYRAHL,Insertion,0
HTNEASKSFFGMDTGYYAAWIWARMIGMGTKFQKYNENMTNQFFEVDNMD,Insertion,0
GKLNQIAQMDHWKVLHCHMHYLGFDDYDFDHNAPSLPNEWYCEADFYEPA,Deletion,1
EYMPWSLQMVVQYHYSDWISNASPWNGLCQSDSKGVAVDAMSTLHAHANH,Insertion,1
RHMSGYLHHYYHSTPCLKILRGCTRDQRVWTYEKLWQTARYRASHTRDLT,Deletion,0
AQFWVWTSHLFSEVWSIEIYISWFCCPNPYQNMMYESMQICNWIGHQGNE,Deletion,0
AFFPPRNKHMHIHYQKMTNAHMHDWRMTHEHMVVRGYAYQHSPNQCTEDS,Deletion,1
PSLYHCLMIAESCSQPRLMGDAHPGGHWYVVSQTHCPVWQGMKAKPWIDA,Insertion,0
RHMNSYGNDAAYAQSNHYCLSVNYSRGKKVTMLLVKCKEFFWMIQHRNQL,Deletion,0
KPCCNVFNFNYYFTPGHNFNDWFVSQPLQAHNPESIWPLCVVFFTCRYGM,Insertion,1
YDWGGFSEEFVYGTRIFEKVNPMNQECRDKAPLTCMNWREFNGPDQFHTC,Substitution,0
YVYTRFDDWICCWYSNKYIFCGSRMAWLDSCDCMNQCACDTNYVGGHNHQ,Substitution,0
VWRRTNIQHYFWKSPTNFCRHESRKANQKVTEIVWDKAMTEYDKHLLSNI,Deletion,1
QHSNHHDDWFDMLRVAKSNGKWWDNKATVERWKICTKSDEWAWDEVHCRC,Deletion,0
QVNHRMFRMSMIFWDHWSGHERYPLFGAEEMWPSESYDGKSYSPCNHHYQ,Insertion,0
CRWCYNNCAAKLSTPTFYHCHEVAPVHCQVDQGSGFIRTGTGMQSKFWDE,Substitution,0
FAKWIICSTNNTRDQCPSEFFEGMEMRSNYGMQQIENFVFEPHAMHRTCM,Insertion,1
CYDYMMSRKMQPMIKVIVDMYWPHEYFDVCGWGMPQFCHKVREDNSPILK,Substitution,0
VMSCVNELDQYFGTSDTFYPPDGMCLSHQEWKKNMRFMRWTDKDVEYHNK,Substitution,1
PMKCDWGEMCYCWAMNRWCQEVYDGKQYCSNENEGARGTGDEHGTMRTMS,Insertion,1
TRIIKVQETIAPKLAWPGNPFTLNNDMVEDFWIAWRQTCDTTGEDLQQYS,Deletion,1
WVGVMKYRSLCQRKQSQPHGAGNSDEKTPVIHFCCEVTAKSSKMCQMKIV,Insertion,1
NCTRNIGVRVQPATNYVKTFNQFDWCDVYQVNPRSFMVAYCTFIDMRHVA,Deletion,1
MSSLNQKYGMLKKFGLFNRFPWDDPGEDNHCSSLMHPGLFKSAWTLEMYR,Substitution,0
CYWCPQYVWAFQPYFYGMWVEKAPDHSELGRWYHHCGITQWAPEAHFSDA,Substitution,1
MKFVHSVSERWEGRDRNKAAWIMVWGQNEPCSITNFTPHIRPHFPEPVRL,Deletion,0
RPHYEIEVRSCSGESENSHPCTYFRRAAWIRVGENWDSWQCMMFKWECIN,Substitution,0
PSCQAWEDSCGRDTFMIMYSETNIYEHQCDNDKPPISPESTIIWGKESFS,Insertion,1
FMDIHVGARAGPWAWGMMNSMKLQWKKTHPHSCKGLCCGDSDIHGNRYGL,Insertion,0
FRPTRANIWLCKRIYCIEDYTFLSCTIEIEAPRNKPVWKGCPSAYVHTAR,Deletion,0
MLCYVVIKDIDVTIMRNGHHSDESRQIVDIASYTRVKTYWPMFGPEDGRR,Deletion,1
MEKDIQNCQSRSFYMWDCMCQGQPSAQAQQAVADPSARQWYCLQKMKRYA,Insertion,0
LHQFATKGSYFYGPQEMWENHGSQYKYHYWTCTRCQESLVPYDFMPEADI,Deletion,1
NARPMNAMIGCSLNKCNVVCWTNLWRHMCKLNMYMANIGGFYCMKLIMAS,Insertion,1
TQNEKQYAQKTCPWRGCYTILPAMKPFEVRWGHIELWRTDEQYKPTGNPD,Deletion,1
IIRPWYIMMCYEHFNYYGWGRKKEHILWLTVYVPINANFRLCLKCTQMGG,Substitution,1
MYERCWMGFYLLNKFWNSYVEYRHSIMKQLMWKRVCEYATVRIIIPFSTG,Insertion,0
AVNEHMWAYWTREHESVNAMYIVVALTDFQCQMAAMWVYVMWCDQLLAIT,Substitution,0
LWIQWGVGIRKKGQCMPCFCDYFAFEYENAEPFQFKDQDDAFFPHVYCSA,Substitution,1
HSTNNDQYQDTPYVHGGMNHDYLGIKPGMAYTKWQGAAGNYRRATGKNRY,Substitution,0
VTVFWWRFYRGIHFSFNRDDSLDITGETRDLLIGFCRQREGEAVPGKDEA,Substitution,1
LWHQLINFLWGYQGHMEPHCWWQKKRVLHWMAFVGLDIHPWCWNDTCQMP,Insertion,1
IVGTYCFPMEWAADMTGRCIYFPPGIETINRSRATCWMTDAIWPPCDAAL,Substitution,0
GPTYSKYWVGRRHMSEGFSQRHIGIGFWALCQKKNICEKPGYHNSEPQIA,Substitution,0
VSNHSQAYAWCWYEGMLQDIISFIFGQGQYHDPFQFKCWHMFCEHPRHTC,Deletion,0
KYQKFWTSWQPVWYMLQCLHRQARPRTLKFPHCMSPTEITDGKLKMPLEQ,Insertion,1
EVCNQDEKQLICHHDNHMEGHIHRQVDICDKHHADDDQRFNMIMSWMGIF,Insertion,0
WAWDLEHWATSQQICDRRAQVMAQDFMWAEITCIFTMDLGDSGVIPYHSG,Substitution,1
EERMMMTRKNHCVDWVKCYLGLEAFLCEPPQVPSNSDWMMVDWVCEVCMW,Substitution,1
LNYDAKIGRVVNLQKHDTMSWISVVGVEDHLWHMCPFDVVWCCYWDYNVK,Insertion,1
TNVDEPRNTMSYKPHTHVNNYTQELTCLSTVKWHNHTMFMCLWKTLRDIW,Insertion,0
GPFMRYSIHVICLDWRLTTNMTELPVSMHYNSIDRYGPGFTQAVCCSETG,Deletion,1
WHYADGYTTAEGDVWWVYDGMICWPPWDGQTNLPHPSYARMANMHWMKNN,Insertion,0
FWPMWVPTWTMGTNNLNGVLLAISSQSYVWAFYHWSLSGALRHEHLQCLP,Insertion,1
HGFCEMGIGEVDSWKAYQMAQANDNRTVPKWEQGADASFKYNIAGWPMPL,Substitution,0
TPRTAKEEDDFRPFHWAMMSRLHGMRKSAGKSDSDYYQPMSHCNWGKNQP,Deletion,0
TNWIRGIPNVWKSHGYEYKPEILLSWLHYTCDLSRICDRICLWDRLAYKN,Insertion,0
WKNTKLHLYTKAGAEQLYAGYQCEMCWYKLGESFNFNPEYYKHWPATKDF,Deletion,1
PIIACAFVTHMVVRISEKEIQFYLGCNARTGGTCAQMLDLMKVPLMSDNT,Insertion,1
AHVYSIVSECTCHFCFAYFTYNTSDMTFVMTANMPHQLLECYYELMCKDV,Insertion,0
CDGISKWPGLFPFASCHPRNMDCCPHIMTYISRVPHTKKTRNPHYDDKSK,Substitution,0
PRVSNQWTAQYPEKNYRAAYVLSCRYLWTSCAPWLDDNKCNLEHMTIHHL,Substitution,0
PTPYFRVSRWCVAYMFKPGANMRELQVIDNTWKMFYGIGLIWSMQTAVVH,Substitution,0
QMWHNQRTHTNNNQIITSHGEDVIDQAQERSCRHLIFIVNAIWNNYHAHF,Deletion,0
SVWHQQFNSIDDFFELALTQWPELNNARALSTMFSMTCEHKWSVSSCWLQ,Substitution,1
WCEHKQHADKCSKHCRKACAQTHPWAKMKATVYGEAPPKALDFRKLQWKT,Insertion,0
EVIHNQARPAWQVHMGGGHDMYMKWQWDLPKTQWKERYYEIYDEWAQHSG,Substitution,0
CYTYCISKCGWNVGTQHFYMKIATALGWPMCKTSQLYHSMAGTCKTIAWN,Insertion,1
QATHFTWQFGMSWPKACALGWFKRVWYQCQVFRDLMVEPPDWVERELMQT,Insertion,1
ADKMKGHKAALPRYWPFSTYFPYGYEQWKSNLSHEYHCTMHSRYSHWRPQ,Substitution,1
QKMRWRQCRPKTALNVQEKTKQQCVSVEWFPHAMAFKKVYVKRVDHNCYG,Deletion,0
CHHFIAEPGMMWHTIIRCNHFARTAYSWTEDFHDWIFGVFCLRSDFWHCR,Insertion,1
MSEKYMHSPQTDDDCTDKAADSKSFQFMDIHRLYVLNDHQQWNCHAYTVW,Insertion,1
PIRNLNAEDFPCRFICGIEAMLWHALDTQGCNDFQHGHKYLGQISGKDPN,Insertion,1
DKYHFSPFRIGAMQSPFQPAGMNDTTFPYELARKYVRREKLEYVTMWPEG,Insertion,0
HYVTMYHCERPVSNCLFIQKMFYEVQGYNTCALFYKNEACMESAREYKTA,Deletion,0
QHHLWCICIESFHYRPRFEYLQNDPVFWADYWMYNPGYCGPGAAWRLCRN,Deletion,0
MSGMDRFFHDRRVCYMELSQLKTLHERFWSARNCVCPTPGPFGDVRQDRN,Substitution,1
HAEFTMIGPVCGGDTWSYCPAEGYLGMNQAWWIPAHAEIHVAYQVIAMSE,Substitution,0
DRFVIFRCRRQHHTDTHKLGCCHWCTMWDMIELHEFSPSYHRARQIYDIR,Deletion,0
QPFELMQTAMPEHPNVSSRHDFDDRDWGPAGAAPTHKTMENWNVITCSEW,Insertion,0
WVWSVDIAPEMPGQTNTCREIEYVFAVPHMWYGWEVVYSDMKHDYLRTCV,Deletion,0
QPYDQTPNQAPHSCCCCKYMFTQKLWPVINQYHKQSVQQFVPTGWHNCAM,Insertion,0
CKRQIARNAMSKDDLDDDARPIMAGFDEKACPQAPEFHIIREKYYHYSVM,Insertion,1
CPCNVACAFGPYDEDLPWTKRDIHWAFHPEDQCMATHMTAACNITDAHEI,Deletion,0
MIKSEEYVWCRMTYHQYQSETNEWIWGCKSCRWVTPMCIYHHVNLAEGPH,Deletion,0
WTLMHHMRDKNGTEEPCEGEMHMAGIRCLVNTHIMYQPCNYVAYIITRHW,Deletion,1
PLGWYIPERNVLNNIMAIGEETSHEIVRFIGGGTWQGEFQQRGPAWRDYH,Deletion,0
TPHAMTPEWTSCNHNYDMCYRVMTIPWHQMWTEDRTHFIDPTQEDTDWKS,Deletion,1
KFSTGTPMAGSYKANKKREKKGWANEDLLSRELCYEPCGGMKSFILGILC,Deletion,1
PWFHIPPVMHPMDAYMVNYTMSKCKIGWCRSKMGYPHDVDWSCGGVKYIM,Deletion,0
EWIPHLIIIANIMCFMDFSPTFIYDWMYQQNCCPGCMAYACMADNMKKSM,Substitution,0
GHIARTWVWCYSRCPWDLNLNYLYKQMVAKSQCVHWMQNAVHHDIASVGH,Substitution,1
SGQEVTAYKPDIPESRTSVTDESGYCISYAFSRPSIDRFKFRCETCDMDC,Substitution,0
TTGVVCDGECPGVTFCMQAQPSCRNIWAIHKYCHSVKRQAGFCWECNGCC,Substitution,0
EGDASLQVCFWEGFKRCVYWEIRYNAPCQMEMYVFDADHHYLSAEYREYK,Deletion,1
SGWGLRQMMWYQPWSPIWIALDCRTAGHNVQVNMECTAHALVQRFHWYNA,Substitution,0
QAPIKDISKEACQYQRPNISYECVMDNTCSYIEMHQQQSMRQSQHCACDG,Deletion,1
NKFGLFTVTDIRNEVSIEHFHGGALYKFNWTRVRYSACLRICKDIQGDNM,Substitution,1
LHALVNIYQNEELWIFTENYQFQDLWCDSYMIHMTMSTTHKMMQHQAVCL,Deletion,1
DCGQIKYSKCEPMQFYFRHTTAEETGENEECCKVNNRAPHAPQETMDGYE,Deletion,0
DFKYAAVFYIWMCAPPVQEKNCAHYICCMWQPSKMNHSMKWNNIDSFLVK,Deletion,0
QISSDRGWTHKEDTALLMNNPKRHNSEIWRFYCKSCAWRIQFQKKIQVAY,Deletion,0
ICPMEHRDYKKSPPPHDPCHIGGASVDCEYHVGPRKQIYDIARFAQEDSF,Insertion,1
QPPYLERHKYEVPKMRVTPVQSWGNHGARPDHELWGQASSKMKMEDYCPL,Substitution,0
PHLAAYEDYHWIEKQWECAMCLHQVADMWHCWYFHYAQAALHNGSNDWFG,Substitution,1
PIVVETCLPYMISWKYGSNWQSYALAFKPWIMLRAWMCDRYCPPFKHNVS,Substitution,0
CRTTMSMFFLTTSKRWTKVCHNIENAVDKGESSTHCHGWAFYWPIWFTTY,Substitution,0
WQFNHRLISLVQQTWLNGLCDYSKACHILNQEQRIARGRCRDLTLEPGWR,Deletion,1
MITTTKFFINYVHGCLVINRHMMASNRCYICMIHTNDLAFGQDAAIDRIW,Deletion,0
QVYWGCGLCFAKRWGCSGQLYHYLAEQSNFDLCNWEDQYFAWGTLDIQGD,Deletion,0
PYCPQGAIRGTAFHFHWPFECKDGINQYFHFQIFVFLMHDLFIDTRQSEC,Insertion,1
YFGCQTPIEIIIGDERGEMDVYSLFYCNPTKGQYMEESATLPSDAKRWNS,Insertion,0
TSGIKKNWFNNWSQYELFPYCKWRHAKDCQIIKWRFNWRPQFQPSCSELL,Insertion,1
SWNTLLCYLMMLFIGKRQMQNKDINVERREMWDMMFLISYHYCYRVESHG,Deletion,1
MKQLMCNLRMMYDVDHGTTTHECCWAGVKNWCAHDTMYIKRYADSICLAS,Deletion,1
MFMHIMVPQYIKESWRCYGDDTSHASYEYIHESYSFHKNMDAMWVQNMRC,Substitution,1
TQDAICEWALFNIINGCCNMRNMPTFSNNFCCRHLVMGAFCTQDTKDEHQ,Substitution,0
TYNYYKYMMNPTLHGRNMQWTYWLKNSMRPFYCGAAQCAPYPESAVDAMG,Deletion,1
PCNHLIMNFETKPSFEMIPIKQNWFGWKEGAYEQDVAVRVPGMHPFQKYS,Deletion,0
PLKYNLVLPELYADPPPIMSLENCALITHECYLIQRFVMSKWTITTHYWH,Substitution,0
SLDKDFPYCHPEAFDLYMQWTYDYSVPWNKHAIWTYMGLHHLRTDMWTLL,Insertion,0
FEETWFPQGWLGTLRFAPCMFHDTFNGCIGHSLHIPWVEDVRKSMNSRCH,Insertion,0
NNWWCTMFSLDNGVFTFSSVVYYLKNCVTPYINILPAGIIRSGPIQFARI,Deletion,0
GKTRVEDCDTWATWYKPWPLWTKNEGKDEVFSLTITDFDCMFMHCRHLGF,Substitution,1
NWKPRRLLMKKFMKVVYPFQETSDIHDKLCMAVWATCGDRPQWSEQQINN,Insertion,1
GFEEVNVSFLGRDMNMIIVLVKAYPVVAIRQQHCNLGDDMSFGGGGTIQS,Substitution,1
QAKQVPLLNHMQMQPKRVMHVLKYYCGVFTAMTPFSAVCSRFMIGGTRTL,Substitution,0
YSNQSRTCKMRSNKNEPVITYGLSWHRWKMHTTVDWYVSMCIHVWMWGHS,Insertion,1
QISVAYSLGLSQNDEQRPVAKLRTICWDMTNCGCLFQVQTWYHHYKHDQN,Deletion,0
YEEYHNPDKKRYLGNIGIVIKQKGLMDSRLKTTRDNWISGFIHWFGLCNH,Substitution,0
KPTLGVLAHKHEPWPEVCSHIKGENNYLIRILSQVDFLGNVPPTYTRYKI,Deletion,0
TTCHGWEEMCDYDSHKEICKSCRKQMKPTLTHVKMKVTGCTCVELVDSRC,Deletion,1
KTATKQLYKSFQLAKPLKHNTYNKRMKENPMPYYCFYSKFTTPTTRLPKC,Insertion,1
ALSGCTWFPGISCPIGYNWDDHFYPYIPKGWWHCKCLDSSADMRRNNRQS,Deletion,0
NRWMSHVYYYFLSPCSHFAAIDGYQTQRSANACTYNCLANMKDNFWASKG,Insertion,0
GCCFHCQYDGWDQMKPECVNYWVKHKLGEVWGFAECGYRDGDMRVGQDFG,Deletion,0
HHTHKGNPFDYERTNYFALGPHICKTYCVFWKAEVPWWACSYDQNRPMGF,Substitution,0
GEGGRYYYSSPMFPQSLKRWCAFNDWCFTIKFRDSWQGSHDHHHVDHTCG,Deletion,1
QHICALDWDQESMKAHTYPDCSYPVIFAKKNQPAYTYIYIWSHSWIVCDQ,Deletion,0
CELMNGAINEESIRENFNSPIVRWDHVTPNSHVETQTAMKRGQNSFDVIW,Substitution,1
CWIMRMGCRFGWALDYGCINLWPYVMACTPVPTKPSVAVKSNTHCQPLPH,Substitution,0
TYHHKATSENPNEKDYVHCWWHNYRVFGYRNFILIQCIHRWSTVYQFDWA,Substitution,1
WNFWRETLQPHCAVPMDWEDQGCKPFRCQICFWMCVKLESHFAYMHHEID,Insertion,0
NERSGGVWFWQSIAGFVSDVNAGYPPDRQNMNYVWNADTKGSHGNTKSDR,Substitution,1
RWIVCNCAFSKMDAVWQISALIKNYAEYLFIERIKAHMKQCATYSRTHPY,Deletion,1
IQCRLMAHVRHEVFCKCGSKMTRVDVYNGSDHKPWLGLTFQHTINRTFRG,Deletion,1
SYACPFLWEEQYMGFIRIMTRLADWWQCMQLFSMPCLYMFQWWMVFDLCK,Substitution,0
DINNDFAMVPYMIWMNLMKEYHIQMFSEHGKDECCASNKEKQTWRDLHEP,Substitution,0
PIWIRWYAVTPWWRIIYFYFTYKPQWYGNYRPEDKKDTIFVNGMPNEWKC,Deletion,0
DHRRGNTNVSMNPEYPECAWFKEWGGVKHAYQETVIQFICDKIQWWVLSK,Substitution,0
HPWFDARNWYTLTAALYHTFILMGGMFQFLNRHNHCREHFKMMFTYEIME,Insertion,0
SHSEHTAVRNWSMSSDSIQGDFHDPVEIQARMTGQQEEAKQPYWSRSAYF,Substitution,0
TYLTPHVCHQEAHQSFNVGWNKNGKEGKQEDFYDLQKPRSISQNWLFQGF,Substitution,1
NDEFQMVWPVPEMRKCIPCMSSSFSTNSADKLDPYFPGQATYFSEYRLQM,Insertion,0
HITKSDGDIVNGRWNYKTWLCKENQFGRISAFDVRYMYRLYNHAYVTLTY,Substitution,1
TTKYKYRHPCHSAWAKMFGHGFLETSMGHNSHLMITYYRVMICVPMLQPE,Insertion,0
DISPAEKRKDAYKNSNRCASPDWWDCHCFFLGVWKQCEFCRQWEEGMYYH,Deletion,1
ECGYTCAMCKVGMWWDTTVPMASLLEIKHHHTGHMIEPLHVIYKWTIMNS,Insertion,1
QHYKTFKTPRPSMIKQGAWARQAFMAFWNATYRHEAIHNAMAAWGTGKEA,Insertion,0
NAAHWYTYYEVQRRAVMHQPKGNWDWAGGLKYWLAVKFAGSIRQTSFLNK,Deletion,1
HDDHALKCFIRKWWTYVIYLLWIVHPLIWRTKHVWAQLQPLWCHWHIVTC,Substitution,0
MHLHGDRAKLMGAHARDYYWAWVLGCLWICQYRVALDYLWLMIGKYRNWV,Deletion,0
ESSHTDPNGSFEMGNWIDIACHVHEVASLLHFDGQSDLMKTQNQRKLSSP,Insertion,0
KIVANKGFLHQGDINVMHPTIKNPRLFGPYRIGHCNQHMVKNIQMQRESK,Substitution,1
KKPAHWGNAFDQSLWTEMQAMKAHRSQFVDGDMWQSQRRMNRKRSVWFAH,Substitution,1
RDMQWYFICPYMCNFTSDQRKPSITDLSDKLAHYKHSGMFVYMAVVGALE,Deletion,0
AQVKINPFMVMLFTRNRNKFFYQCFWFFNWILQHRTNPKRKTRCAACMDN,Deletion,1
WLQWDMWHAEIDQIEDGSRMFCETKIGNGAVYMHFIRKDEAWEMGFDPAK,Substitution,0
ACNVKDHGYSTPYFLLFCDAKKWLADGQNLFEWFQGVCLADVRGEMPYII,Substitution,1
RMWENGQSLHLFQSHNHMSCEKWGMCLFFLQMDVYHQCWHRNALDVWPSV,Substitution,0
KEFARGTVVLIVQICITTYSSHLRVTQYQHAPEGHWINVKADTLWGAIVR,Deletion,1
ALPMADQEAEYITVKYFHDRFMIAFWNFTYVWHGVLREQCWFAWRWIHVI,Deletion,1
GHEMKNQYVQCANLNRFIYGYDKYAECTMEEGHNVHNAEIHDIHGAWPEH,Substitution,1
QEHSSQVPSLSHREWKHPTFTANDHPHKYIRVGHWMADWTGNRFNSWIHH,Deletion,0
QVEFSAMMDGDFYQRLAFVYLAYTGKEGLRTYMQLVICRFSGRATYNIAN,Insertion,1
EKFNHAGHSSQYQALKQQCKLMWQYFCQSANPHDIAPRYFLLKMQDYAAL,Deletion,0
IRWTCGHVWKNRVCWTRWHPPCTFKKILNQECSEPDARAEVRPPYRTPTF,Deletion,1
AHACPVQCLCVRMSCSLCLQPCGPMFQVGDFMGGPCSHQHNAARRDTMSD,Deletion,0
KHLRIFCSRQQHYGWSSFWCYILGACHDRFIMVTPNKRETRQMGPGPAAV,Deletion,0
NAQPLDPIYSKVKCDSHLYCFLNGEIRYDRVGIFTYPCLCECHPTFLCIP,Substitution,0
SHVKWRMVQGQDSPAFKDTRIICKAHAVDKNGQVCDPCDMGSNFMSAQHN,Insertion,1
QSTDEAMMTRAFCYLFMYTRKWLLHHHSYFGCREMYSMMDANVQFMPINE,Substitution,1
QPSCDFDEPVTQIFIDTTSQECWKDHTDLCMFWWLAPESLRDCYQSHRLE,Insertion,1
DMATACMAQPYADMRKPQTPGGPGPIITTMLLHICMFVDSQKAHTPCQYL,Deletion,1
CANFECLHELCWGTILQFLQSVHMHPGTSFWDTQIKDKLDEAWWPDVLLV,Insertion,0
LVWLHHRDRWHKYNYFPCPSKEQAYMSIFHDILTGCGSQPCCIQSLLCAP,Insertion,0
HMYNKHSTLQDPPVDGESPGDLKDASAHVMQNGIESWQTMWNAWIGVKYN,Deletion,1
WINQPPTARHSQQSWSHMTSYDEFLIRRQYDCRGMMAHMSEWYKNHWLYH,Deletion,1
THVMNKEDCLLQYDQMYAQSNQYPKTQQSTPFSCRFGLATAIHYAMWRDF,Insertion,1
MRWYWKKPNCNQKCLAKFINAMNFSKYITNERASEFLQWVFAVQMAMPPF,Deletion,0
HIFFMANITFHAWNADCSNEFSGLHAHNSCKLNVVRGKDGYDMRLSTLKI,Insertion,1
NPGVGSYQWWLVWCERYIYMVYIWVQNHHICHVRLSHECDFHFNCRKGEC,Substitution,1
ECHHCFCKMGLLPYAGEANREQPLDLINKCMDFTRVNAVGYIKENWQPCA,Insertion,0
RVPCCHEEHDWRQRCYAKCWKCQPDLCQGKNDQDKMYMYSPVAHTTNQNM,Insertion,0
AYNFIGDAFTVMYNCNYAQFKIFVGFKWCLKHEHWRAARDQGDWETQPFK,Insertion,0
MKWEMKIQVELNMFAIYHQFCTYCTNNYMTVQCKWKCPRCAEPGEYHKIV,Insertion,1
QLYANQGKATVCPPVKASAETMFHIYFLMDLAYEQRPTPADAPRYGFKIK,Substitution,1
LFWAWCIPAFDTCTTCNMVTGYIWLIVGTRMSFEKDYSRWEHTPYDDTFC,Insertion,1
TMFDPWHSILSAADLGTFRESFWLGQFEPRRIPNLNSGSLAYHGPRMHIS,Substitution,1
EIPCETTENYNLREKKMKWDGTTCCAFNNNISCSASRLDQVPCPKVPLEN,Substitution,1
DYRENEFQRGTMFKHPILCNGHVTTDELMMLCWPSGEWYSCPWQKIMDHF,Substitution,1
NLQVWWKESLVDLIKVVLPHPQLYLANAAYELRQKIAIPNGVGWRGDETY,Substitution,1
WPFIGIASYSARHDTLFWYRISYMLELSEQFPFEMFNIHQSPVPKGFWQM,Deletion,1
ETIDWWVFQCTIDQPCVCGKHPNNNDPMKSSVGRNICMFMPSYLNHQIKP,Insertion,1
WNNTWEFVYKHVHPFMESCELADLSCDWQKASMFPPPVQVGYLKTSDPNE,Deletion,1
LRKSESSELAGAEVIDQNLMVPERCQRHGLLPKTPVDTSRMYTTFVNIFP,Substitution,1
YRTKSNAGTGPYFHSSYIWGDIFAMDTHFWCNQDCEHFTVDDHTQYIIKC,Insertion,1
YGVQSPSRVHWEFISVVFRLFRTWPQAWVCMGVWGCEVTQEVNFQMAMYF,Insertion,0
PETIWWPQELWQTRDRKVCLADHMKSARRYEAFDLSIPDPFPMYYCIHQE,Deletion,0
DVLSWFSDRYAIYITHDEWTKVLFWKCRFHRMIFILTEIYMNPIDNQFLS,Insertion,1
LACNRRERSGWAFFKYHDSAFLISNLPLIISEYKKNGIVLWYFPQDLQGI,Substitution,0
MRPGGIIGVADYAIMWTQDGFSYVWVYCEFEHLRQPPSYAFQANYHFFYH,Insertion,0
MYNGRVKKPCEQIFVSSDLIILFENMPKCTEGELKYEASRGLVYITDFAL,Insertion,0
DDQACRSIIHGDNSHAPQGEMVDWGGDGCNKKWITWTHIYPIMNRDHMNN,Deletion,1
GSPHTFHMANCMFKYGRKCVICNTDRARQGVKTHDTSIHLWHLTKAQCSW,Deletion,1
SIIARWVLCNMSQIFNLPNAWNHRYFPDMYMLIVWCHRQRQCMRRELDHI,Deletion,1
EFTGPAPPQLWITCWQEWNMVCDHHQKFQKNGEDDCLDSTSSYHWYCWFG,Deletion,1
MEINLQQYLANDYFSDDMVIKEFVKLGRGDGFCCDICQKLAYVDVMYFMS,Substitution,0
TQGIPFCRIMIFMLWTLWSMYLKCTIIGRQMVQKAVYRCWCPRGSSEIWH,Insertion,1
PIIHGDNMCCCGKTSIHCKDQSHHDWISIIPLVRHWICSYQLEMLSGMAC,Substitution,1
EVIPNFQAMLATFMVYSYRFPAVTWCGIFSNHGNQMHPCQDCGDFIMHAP,Insertion,0
IQAAFMPLQQGVSEAFWQSIVQPKRVMEKIHDGRTAQQNWMPAWERTTHP,Deletion,1
KKQSAPRFNQQENGHGAWAQLCCIEESDGWVFSIVAFLMVVCAHPVQRTR,Insertion,1
LIACCKMMMKIVIHFKNKCNTAKNECNCHGLCCPWYDVTAPECGSGLGGG,Insertion,1
QISMCRKSVRYYGNNLYNLLIPFDHMQNWGPIPWGPSKRFFKRIEYTITN,Insertion,0
NYENLCETADHEVQVFYQRLIKGQNMQRELSFTKVFCDNIWSEWEWKPQK,Insertion,1
IEQLRRWYKQEPFFPTEGGKCTVPKVPCLKEKHMESHNGWWHDHWESSNA,Deletion,1
WFKFNKNFWFKALEQQELDFFCSFHDEHLAPKCMRCKCRHGIQRISQTAR,Insertion,1
EPVSCGREPCWNCPMGRCRCECYQGIRNQLAQHWDDMGGCMGTTWTGSLQ,Substitution,0
QDLAVTFHSGMCPVMCFSCMSEEEKMCCRTFQFWGMTFNIAGRSTCQGTY,Deletion,1
YGKDPRYNYGCQFCRITGYDRLMWMVPQEGWHKACNEEAVGIFFKFTMTL,Deletion,1
NSFQRLEWSQLYDTCALLIVQPNKVMKKDWQRCFIKCQPPPCVTNYYKFH,Insertion,0
GHAWFEWVHEDKTTINNKAWKYWIWRFMYLPRDIVYPDGQMCNQDWLRMS,Insertion,0
MPFFVLTSTLDDRNDICRVRIDLARPNCMLPPAMCTKPFIKLETVHTQFQ,Substitution,1
DYNITRIGRDSKNHHNQFHAGELVPQYNMFSNKLHNPKFLASMINNQDTQ,Substitution,1
PYFCTSGWAPMWRMGMLEPLPDDCCDYLEFEDELIRRESGHDLKPYCMMD,Substitution,1
YNMNKWAWSQGVPFSYNGEIGKQFDRSWKRDESISLNTYAPKEMKFALHN,Substitution,0
WGEYYCLNIPGCFMQQPCFCGLQYLIFPINWYDALEFWEKCRELECWTQD,Deletion,0
LEAGSRVRPSPEIGSDLGQEWNSKAERCNRCRSMSRVGHTNLPKCNGRAM,Substitution,0
DIDHIEISFDLCPIAMALHWASWDQEEIGGTAWAPVVARDTKLKVRQMVI,Deletion,0
GVANKVNDAAPGVWDQNSKAFDMYCTEGCCTRMYEAVNCPVISCKYDAYG,Insertion,0
NYCIIHIGYEDRLFWSPRIGYSELTHDTGIDCKKGTMRIMCWSPHYPGFD,Substitution,0
SWREEHWQDRGQFEGCLWYANVGIFMNETNDNRWVQHYGGEIRQKTHVHG,Deletion,1
HKPTKDDEQWASFAIFRPKTQDMLTEMDDNSFYNNWIAKACYFLICQVAE,Substitution,1
QTDTPTNFKIKMWPQYSTVIKLCACCVCYAIPRVSRAICRMFVEYGIELY,Insertion,0
WWIFWHWKVLSICMNMAHYGYYKHSQCPRWHMGCKMFQYRKASDYHEQEI,Substitution,1
QTDGGQPDPRILMPHERKGPTMFQPKNEALHFAELKLTTELRYKTSRMNM,Insertion,1
ENVESANPGFCSCRDTVPRYYDGWYSGVVRFQMIHGFTPIWGACLFKPQF,Deletion,0
DWNLMMCGVNSVAGHDLEVLLSENFWWKHQMKWGVASISRLLEIVPGGVH,Deletion,0
CAYHFVWTLSCHRIPCSTHFAEPCYNKACYAKSHFDEVKGIGRHETPNNE,Deletion,1
KNQGQWEIKNWVQQRSNPGETWENKLSMQQHKHHFEVTTVCPWNLYTWCC,Substitution,0
SPHDWSYNGRLDMHQIKHAKSHDMQHGHCCCNNMQTKYDLMWDSEKQNKS,Deletion,0
FQCGHWWCTMANAHSDPYFYEEHMCMEARVWYWHCPQSALSRFMQEIYCR,Substitution,0
MDMVRYYMGWMRWGCVCTSPLVDYILPREEVESRIIVYGDPHQEYAGDPI,Insertion,0
RFSCVDMVQRLCKAYDWMMTTHPFECGFGITKVSYVKNLQTLTHSDVFII,Substitution,1
ADINIFCEETYQTTLTWLEMKSEACAYNEDRPESMHLCCSHYEISNQMMY,Insertion,1
LQKRCYCYMHEVWQDPYWQFCEHDKHMEHPMWYNVPFSVSCKWVVAVQEH,Substitution,1
ATITELVQQCCTWYGLNWDPNEGHALYGLQWVQEAQQGMCGDSVIDGPIK,Deletion,0
GIYSMYVNHQPISPSQFKEHVDGYWGDCAYATGVDWLEVKKRDGERPPES,Insertion,0
RKDNPGVTLVGTWMYVQMSMSVYLHRSNHVTNGMYWWHPDKHTWSPHAFQ,Insertion,0
EPHDRFNDMVPVTEVHLLNTMLTPKRKDKHNIWRHVWPVYLMMCGCYHSV,Deletion,1
PSINPTRQIKHMRYKYRVRGIQTMDSKDYDRSGTCDQPIVPDRNTIMNHW,Deletion,0
MDNGPDVQTVAVFMERLSLNHGWHWEWLQGDRQVREWFFCAWVAEFVYSI,Deletion,0
GICCCMGATTLHDCPSITFTNFFHYPNQMQGYATTYQITWLMCGKDVNYS,Insertion,1
SCIENLNIRHICVARKTGGEDVILTIQQDPHCMINRMHNMIWYQLEIHVI,Deletion,1
DHLCYSMPYHNRSGSYQPERNGQSMYCGTKHVMVFDFTNCEQLNHYTMYM,Deletion,0
IFYKAPKGERRDYTDFTFQWPGVICTRLWGGYMLQQTQGAAGVQCIILKR,Substitution,0
YKMYPLYRATSHWAWWQHLFFEESELKGFTTKAFSAQPIYCESSKYVWHM,Insertion,0
HPLRYISASRQKCHGCFFAADRIQNAEPSANMIADDAKETWIKQLCWQMF,Deletion,0
QKQSDTPEQCLENAPDCAAYMRFFYLSFCMVQGGDHIVPTSGNNMGDTCW,Insertion,0
THTTCVQMWLVHPVGMHVAAHKGDNQIDGEPKMMLTGNWHHCLAWYEHSI,Deletion,0
DEHQCAMKYTRGSGVFMLIDDLLSSSIFWCITPGCHNHLSLEHSCRDMDC,Deletion,0
KRYTVKMPNMCQDMYLVPDWVSLFPAYKRLGKSINAMQIAEAETYYDMCF,Insertion,1
HGYPATVIYKQLQTQPRMNVCSSFTALAHAAPGLHDTYYWFGTQELDPFI,Substitution,1
DANTSIMGVYNEHMPIHRVQMHGNSMTMCSGHFCHERYVSVFHVTHEPSG,Insertion,0
NFCAVNGLDPYHSIIIFTTHKEFMDVNEVPCELWHASKYEAKADEHDTHY,Substitution,1
QIQQWRQCFSWHCHEYEIAPWWFQNWLHVNYPKDPNMNLEKHRHPSADAV,Substitution,0
VIMANDGEKTAMINKHILTQDDLFQQDKHFQYRMVEVCQLSICFIPSIES,Deletion,0
VSTKCKGFDKGSHCNLKNLHLRWYCLQKKVCEFKHKESQGQFNRSACCTF,Insertion,0
VIVYEMKDGYPKIVDMVSAECLGAWIHPTVGTHYVQLAFQWYDQNIPAIQ,Deletion,1
LEKHQKTKLIRVVIRDRWNDWNEKGHDNCPFNVGTWISLTSTSHYLTKLM,Substitution,1
DMVQAVPMWEHVVPFPDMLFRDNFFMWNCSYQHRTQMSEPNSMVQYEVHV,Substitution,1
YYEMQEIALQILNECSRLDIETNHILMHCIQGSHCATVETATLSLKYLQN,Insertion,0
ETPARTLTLNEPKEKSRHSKEHPMLPQFVMFYDMQFHRMFYYRWAYGIFG,Substitution,0
GEIIIPVLCDWECSQPEEQTMFNHEVLWDGDMIIHADYGTTWPECNNVET,Substitution,0
HLQWSTFQTPRQPIDEFEFLQHEDWACDEQTAPVTSNIAFPSTGTGKPYV,Insertion,0
RCWYHRGWWEDCRTKIVGCPCNLTKCDNPWNEEKNQPCYQCRQVSDKRVF,Deletion,1
DWIGCSIDCVHGNTQLMYFANQSIKYMGANWSCFYLKLNWLEGPDECVMT,Insertion,0
PTKFRGAVNMRCPMGRRDGITWMTFMACDHKALQYWCFWVGIKEHPWRAK,Substitution,1
TWYWYTGWMLFWIDHNWRPCNEGLGCNAWKTGWDNSPHFMRSCKQISGPA,Deletion,1
ILTFEGWIDRFPHIKKPQMTCDCKWCPFLGCFQVRTMDITQWNMLTFIAI,Insertion,1
QKFFSCDPYAQAEDNRGRNANPYCITRRPIERWQDREKKKPCMHFYEWIN,Deletion,0
FRSNDNGAGKRCCPQLNNIMYHCCWWNTTSSDFFCIWIYDCPWQESDYTL,Deletion,1
SSQELCEWGGHRWMDSIIVEAIWQNICLWLCGWNKWMIFYCDKEGLWKRY,Substitution,1
SYWSSKNAVSILQDPNTLAAGIYHECIHKPSTKALRMNPDCSCTQHTMTQ,Deletion,1
ICIYLKLRKCWYGQYVKFMPEIRICNTVNPGIGFNFKRGQCNWYTEFHNH,Substitution,1
VNWNSHKLSCFWMKNIWCHRVIWQHCPPANASNLSTTAIPARSIWNQDPG,Insertion,1
VFRALFWNGSRIKTGMTDLLYRMWEFANMLVGRSGQHGNRTYSCVGTRLN,Substitution,1
LSGYCAHRTCIWLWPFWNFGFCCTCSLKWMIRWNHTNFWAMNMATSPNMH,Deletion,0
LPEATNYLIILICMRIAQCWEPNERRIPCKQWKRDRDAALYAIDIRIRRD,Deletion,1
EWTKIRQVWDDDFEQGDCHMINSLEHGKTNMYHADWTEIFIFSHHVLAKI,Substitution,1
WIFYHHVAQHSIYWVINRFWDEHEVWQQFISIECQIPKVVRCYWELNQFL,Insertion,1
FMYALRMQRQCRPALFPHKWWGLLDTEHFDFPARRNVRKWTELCWVDRYQ,Deletion,0
AGDGLPMCKWMLAHYKYQWIESRSVKRLCVYNTWFPKDYYRKEMILGCYS,Insertion,0
FSSIMRHREVHSICDFTTYCEVDIILMWNLRYGPGTQAILMFVHRLQQPN,Insertion,1
FLSVMAPWGITHPQRCSMRFLFHVVPELEYMMDDSHPDFSISQRHWHNKN,Deletion,1
KPNIMLNWPRWRWTPLWNQAHFPDFYHMWQAPLIRNHPWYNRGKFNMGFN,Deletion,0
HDIGTGAKFSLDNDPWLYTDDICESAEEQQSQPKCFCYTRSWSYNSEPIF,Insertion,1
YQMCRHWGWTHNNVTTMWTPLAAEDCVQNEQDFSWKQPKGEFKDYVGMTR,Deletion,1
EWHENGCFWPENPKRQLIKWLEWCMSPSAENVFSNGHWWTDEETCAWWEF,Insertion,1
RSDWKPNGMRGARRKTTSMTEFLERIVGPAPQISPAQLMSFMWVPFDPED,Deletion,0
TCAGFDIFVARGNQEEKRYMHHLLWFIHWGVTDWLYHDKNPIIREHGYTV,Deletion,1
TCLNQHNQETWYNWDPSHEFFHQCLKRKHKILIKSCFYFSWSLFYVHKWF,Substitution,0
CTGELHKVQNYKRVLSQTENCSHWFNIGIGHGGEASHCAHIMIHMYCMRF,Substitution,0
LGDMSTEIRMEQFHSSKDHCDKFHHMPPNIQFANEIRNPAGGSSNFWWPW,Insertion,0
CVPPCVVQDLFIYRHTQFKPLRQPTHACKGRHRERHTWYLWRKGMVGIAK,Deletion,0
FLYKLDGRSYTCVHIVEEICLTEFTMMSCPNEKTGIWQSGLCWKGVPIDL,Substitution,1
DLLDDLDMPGGYSFTPWMTAMQYCKCHKKLKMKGMALFERLLMKCYKDKT,Substitution,1
GNEYCVSPFSNHTQAYEYDFWGILCEGNHHSPGILSMCNAVKDLEKEVAA,Insertion,1
IDGTNLDHLCHKYSHRPFMRMFSMCGMAYFCEVVHPLPHTGEVPANGAGR,Deletion,1
RGCRCRIEAVASYWGVEQYYALSCILGYLYKCSLWMMPYCLKFMMANRTS,Deletion,0
YDFLLWDRLISKLLVGLSYPQVWAVNDQWINVMCIIGLFMKHGGWHFLVN,Deletion,1
CRAIDTGRNPGFTHSRLQAKIYFGIWYMGTVWFHWIDKNNQAPPVAAHIQ,Substitution,0
FHCFSKGMMWDALQPWHTMHTTLSIQLNYCAISTCEAIQQGLKFLVSHAW,Deletion,1
YVEMRKIAHCGDVWHIGIHCPCAYQKTAQRYYKQQFCDRYSFVFSFHVLV,Deletion,0
QLMDESLDFTHENRKPEYHQSCLTKIGVPTLHCRAGTKDMWTKPYMNHGR,Insertion,1
GFWPDCSNQSENWNMMPASRHALIVGQRITPETMYAPHDGNLIHLKMVDV,Insertion,1
TAEAMHLEASEYEVVYDQRRHVWPFVWWLLGGWKCPCGGIPAVAFKDQHG,Deletion,1
IRWCVCREHISYWDICTGQPPWVDTQGHATNNTMLQYECMDFCFLLIGCG,Substitution,0
HKEMTYYADHYCTWFYPHQVFASDTLWHTFVNVTCECSPIPAHPCTMDMQ,Deletion,1
NDNTMFFREERQCNTLYHILTQDNWFTFFMMWLVHSLSMILITFYDTAMT,Deletion,0
RMCVIRDFGTCGYAPVMDWHDPSTDSRWFDSDAISKIPECTCTWNLEFQF,Substitution,0
QKCGCNKTEGKNTVRCVARRPIMCIYHLTNKWRFCEAPNDLWKSMRTCAW,Deletion,1
WHPFDVQNPKGRYAVITARTEELTRMAVCLVYSADSQHFALHHRRFHKLW,Substitution,0
QNVDYHYITWWRYPPPKEEYLKILTGPNTRCQLNATHQWRVVYPMKPIQW,Substitution,0
GMVPSKSWMRMQDWYIEFCLPEMKQTFKIPCHWAFVTAEDRTCNSFSNFW,Deletion,0
GVVMTFEAEFLLFIPDIDIPWGHFECYEDNFRHNEPTSTYYDIGSRQPHE,Substitution,0
FDEGVRDERLLDTSRVINLWPTNQYHEEPMEVHGISFEPCFYHVQGGQWS,Insertion,0
TTCAIGGDAVMSESPNFEDCPQWEHFVPLYNFFQWERFRVTCNTWFNFDK,Deletion,0
LEATVFPQQREHHDAWDFNNENICMDWLAFRRRYIHTSHVCNMFETERQK,Substitution,0
RELIWDGMTSHWFPFWKEFMLDVSRFRGLWYDEYYEQHDPISMDMFKDMF,Substitution,0
MNEERKRIHCTVEQVKHWFEPQCHMAKEDRQKLIRYIFSQFNAILVWQWP,Deletion,0
PGGHFDLRWMLYAKAVALLFKNDDGHLSCVFPLWMGLCVWTVTDKVVSAK,Insertion,0
IAPMSGCCDMSDYPYDICYHASDMWEFTFGWIHNKHDRQLKWGSTLMEPM,Insertion,0
KLGHMECKINNMTEAENNGCMHVGAPGGGWGWDTSAHLAEFRLELWFIWQ,Insertion,1
WVVRCYGKGNMDMMMGQVDTCFDLCMEFHIPIQFTWEVLDDCAQAASRWE,Substitution,1
IPHHDYSQRDEKHMACFVHCHHHDAICPMWCVDHDLVREDNDLLWAMDLQ,Deletion,0
KRLGCVLQWKKCHCLYDNYSLICTNIFFVHLNEGEMYHATCNYWTHLYLS,Substitution,0
TAFQKFRVCSGNGPLYDLNLALYMKHWNGMPADTNRMKRLHYSLSTHHWY,Deletion,1
SNIDTFFDWQKVQVWTQKMYMISQPAHRFCKANIANPRTADGYYWDASWD,Substitution,1
YGQNDSSNFHSEPDCTVGYGKTYGCGVSNIMAHPSVEIQILINKQKNRLP,Substitution,1
LKQTHCIPAVTLILDSVYMCLRRFNTNGEMAWIMMIAGMARTGRVDIVWL,Substitution,0
CRWICGPCGILFWWSRCALDWSFFEDEMNWSWFVIDDWQTVPDQYCETQR,Substitution,0
NECGQKPQPDHWIDWVIKQHSDAKKIMAPTYLQCSFSSSVDDFPMKDIEG,Deletion,0
RGWFIGDQIAINRHVHPMHQSSETAMWWGDMFWWTPECDVEPNRNWLHGV,Deletion,0
PIWVFYKPCPYMTGCFMYFEVYMRNWSVGWSERQMSPECFLNRDWLWDSG,Deletion,1
RNPDGEYKLHQQEFVPVQDMMQPDSTEWGYMWIQSMPPHYSNRNAYQSRA,Deletion,0
MLCRNVPQKDFNWVLGIFNTDVQQWHKAWVIGLKSEYYSSHSEPIAGPEC,Substitution,0
FCESIHERWPVGSIPINPFGYKQMENCEPKFQAFIRFEFWDGIKINFPDG,Deletion,0
ISWFWFQGVVWQEWPVFTKNMHANMDHTRASTVVKQIHQDCDKRANPCTG,Substitution,0
TWMECVSHCAQGYQRFCTCEIVVIFVHQHDLCCNMFICIRMQHMKSDMVP,Insertion,0
MASKAPKLDCQQSGGLMVFHLAEIVLVTSLKYNELKFWMFEYLRWPDTSL,Deletion,0
WHFCWPESLKHFHCKIGTPDDPEIVNSFIWQRVHCVYKKQYAVIAEWRGW,Insertion,1
NQGENKEGEVNGGLSRHWTESAWDSWNSDTQDNQNVQWNSGWKEQYTESK,Insertion,1
RWVGSSMYNRHSMMNIEFTHLVDKSNANAISWKGHIILMTGVCPSGQMRG,Substitution,0
AVGCYMCDMSSSQSCTIQMNGQEVILPQFKCCPATWKEQYQRFNRWRYLH,Substitution,0
EKSAMINMKCVKTAAVAREWDLPFRHQFDCVEDIRETTGAPTTCTRYDLE,Substitution,0
AAAGKVIGRRICKKEGFKHKPQSLHRTKNCPHWLCAQGDKSKASHGAVLI,Substitution,0
FWDWIPYKSHWIFTSYFYICKEHLRSVPTGPRAMRAFREFVNCESVMSSF,Deletion,0
YLQQCMFEEPGRPYEPSYGYMWMKQSLFETFEVGAVCSEEPPQLPLKERE,Substitution,0
ALGDAGYMVGDVGKSLLCSVQCDLMMSDFNGSMLIHHWSKPWDVALGYTG,Substitution,0
AYRPSQLIYYHSIAPAKWMNDLFAAFLGQPPEFHPMPWHWVDLMMAELRW,Substitution,1
WAGWEFQNDTIYWWYSKPQRSSLCWNWMNNSCNEFYGHPMETTQHVTMQW,Deletion,0
MWVRSTMSLNKGEPPPSPTRNRETFAAALHMMAPELECAFMECATKRDFW,Substitution,1
KVLLIDFLVPDDNWTYLDLQCHHKMQLHKLGGVHVYNWYWNRVGPHEKPM,Insertion,0
NCLPADHGFKYWNQLYTHDMTIYPMYVMDENGKVIYGDPTIKGQGVVAVW,Deletion,0
PSCVFAFKFKRFRFHKAFSPCYCQWHQDIIDSFGCWPWPCERHPMIQANN,Deletion,1
IGEQSDHTCRLISHEPSYRFYEDKQEWLFIPIYIDHWTIAKSDQNVVCHL,Deletion,1
VTGKHIMTSEDLAAFCCNRMMSVTEFKPRYIGVCPESDNYLKHYEYWNHP,Insertion,1
KSAIQKNKRLEDHCYYEQAPCICPWMKISNSMHHNARFGMKCIYCACNWC,Insertion,0
MNTSFIRWAIRWGKEDQMDFAVYLRKGRPHFGTCGCMATSKHHMHFRYVM,Deletion,1
QWVWWAWFFWFNRHGMEAEHYNRLYVVKKQWVIPMSTFGCVTLRVMQKTH,Substitution,1
FWSFRNDLKPCQGTKIGMMHMHWKVRRGKAEWPAVYRTPADPFHEQAKNL,Deletion,0
TVFRKKKHGNCVHMKDQWHKRCIVPPFDQLYGDQGTQVADWSDQGVIANH,Substitution,1
DKDSIWWPWAYCETFFWNVTARAMNRAIIQCGPPPSPQTDWNVFERQQHL,Substitution,1
QQYFWAHPFWCCDYPNREFITAICYGCMAPLPWADEFESIQWLCMWTRFM,Deletion,1
VKRYYEWAFGINVWMKLSHANMNCHCPEEMTQFDEPGKLVMYCVSIMCDA,Deletion,0
KRWVLGGMTCYEQSGNLDWYNDGTQGFQWRKAKSWNSWLCWPREKLHRTV,Deletion,0
KDYGCPYGPKPKGWCEGGTMRGCRFLQCTCFVWHYHKMDKDIPQSTEKSC,Insertion,0
MAWRVHHDIAMIVMQRNEKPSAGVFWKMGNHGFWMRMGDCLAQHIQKCMR,Deletion,1
PWDIWHDRHIFMFVMAWSTIMIADVFCSWETGEQKKISDHCGIPIIKFFR,Substitution,0
KEWRPGKAWHKMTWNIDSPYMHNWIFPWVKMWVAKRNTQGYISIQMCTRC,Insertion,0
TIKTRFCKTWNFSWKMNLWKDCRHIAHGGKRIFCIGRAWTVEFYAASMRD,Deletion,0
EQHALVSPHPTIRIRPEGGWHHVLTNSKQQMFDNPTEGEPKYFAAAGLIC,Deletion,0
PSWRHYVHCWGYNAKCCIWLKMWRFRIEGGANDQDHEQDYEDPMSEFTTH,Insertion,0
KTHPYYKDTWPSEHQHRLLWDYGQCKSLMHRGHFCLGCWWFSMWMWGEKF,Substitution,1
KLGFLLYYDYYIALVVTRETIMTRSYFMGYQDRWAHPRTGLYFVVGYVPK,Insertion,1
GKYTMNWSFSPVLQMPAGAKTAESNEIALICIFQRNAKNPDEWFQGKKWY,Deletion,0
IIMSIRASHNDIYTLFMPYIDKCAACGIDPQYTDEYMPMYYQMNAQPAKD,Insertion,0
MWDRRIFWVCQNQWWDTNAHGVNEKFWNCEQKNYHPADIKPVENYGPHNK,Insertion,1
LCCPPRPYWIDNARAVGNQERCKIYLNVMSKYVTMSPMQKDCCYTLIKPA,Insertion,1
KQRANYGGITEDYWWYGFDFGYLAGKSCGQHEQTCYHADAACQEWWIEAE,Substitution,1
LQQLVQIPRFRPTNEHYPCYSMIFVRAQMIWGADYQQESDMYMINLDKCD,Substitution,0
FAAWISRMDNKVHYTYKKVEYYWRTGETDQDKQYCGEHRSAIMRSVKICP,Deletion,0
TWCHCCWFEERVSEMAFCTPLYKSQMSPHETPMSDGVCGFWELDIYFYEM,Insertion,1
WFGKQAVDNAKCICSLEILYYYVHIQCAWSNQHVMDPHNDSCCTSVCEIS,Deletion,0
QKVQKKFAWTVPQIASKLLPWVHDAFINMVAWPDLNMPPIDYCNFFNACC,Insertion,1
PLMGHLRIWCYEVNDRWHHYIFYISPQPTVGAYEDSFRRTINHYSYDYND,Insertion,0
CTDFTCQWCSTMNIFKFMTAEFWCGLDSCHTYQKVVCLIKRMSRINTENG,Deletion,1
RYNIIGMVGYVPCMQPCFMYMEMMYATLGGLMHSTDCTMWKTASSHSHME,Deletion,1
NWRWTLKWDVWEACQEFCWINPRRGDTTYLIAGIMDRNSWWEIRKSNLYD,Insertion,0
NEVFSQTMGWKWIFPNGIFKHMQQARKPRNVNQACPYTPPKACAVHGFVI,Insertion,0
HQHVADFITWSFEKDMSVMVHMYRPHIICGKIQTGHKNRMCLKEFVEVQM,Insertion,0
WVKRTWHCSPFHIMCWVKAAQVMQKPMSQDTEARWILAWFERWMQNFGML,Insertion,1
IFWQCPCLTLWQTEDHHDKRSWSIWTLHKLLKLWITYRRSPRRHQTSDMT,Substitution,0
WKWNWLKRGKFPSTWIFLQPLSINYIIEPRYTGQNPQWRSMIFHNWKCWR,Deletion,0
KEIYVGFVCWRTPNLCHHMLCFNDTVYSRHLIYTRVQQDYVVKHIANWIY,Substitution,0
LNEYLFACMCRRFKKILLCRVREADTEKHDNLMIARFWLCHIPVKVCCHQ,Substitution,1
WPANRYDFTEGNNRARAYLYGDQTSEWAIGYDIWWKDIDYCMIDISIQQW,Deletion,0
YQVQWHARKGMLMKVERIGCPISGTDRRKVAQSPIMGNMQPCKDCETIQG,Deletion,1
QSRGFRQNCHLCGRCEFVPYARTGWTVNDQSQNCYRERNRGSFWSLEYLH,Insertion,0
GSCPLPRIHMEMTICCMKATWFHNETWPDRGPKNICDWIPQNCGNSNQYH,Deletion,1
NSWLLTSCYSHLERDGQFTRTVDHMPDKIGWTQCEMRNAVQYGIEGDISF,Deletion,0
CHPKKKVWWLTPINKATYVFVRASMHQMVNPLFRERPRLAQCARKLRRII,Insertion,0
GYWISPNATIVIAKVQNKFFDRHEVEWDMLPPDPPWYPGRENVLQEWKCE,Deletion,0
SGKYVVHYGWFNMAIDCKLTWNYAPLNTLITAPKETRLFTPRNTCGWVRL,Insertion,1
CYQGWEWMQTMTRHGGEGLLMTPNMTPNLRTHTRTEMSSYVTFHATIGIE,Insertion,1
CPWMYNITWSCSQNPIPNHQMTGWHHYRFETHPYEMLRVCSDAIRSTCKH,Deletion,1
CSRDQYLTIPRRLHNSMLFSMWIDMPKQFKKVRDVMSPDKVMSPMVRVPY,Substitution,1
HRSHMGVGERHNYCGVFITGQPVIFMRFGFPSPSWDNIKCMNALHFMTHC,Deletion,1
WSVHQYHQKMSDGAWLQSRIRNKPVIDAMWMIECKDCEKQDMYEPKMQDD,Substitution,0
AWRADHQRENAASELPDLELYEQTSKMGIFYLFHKFYRITAMTSPRTIWM,Deletion,0
ADNFSSWFHWCGMHPKNPTVWDAFIDYFIFRRLSANMWRNKDNVIEMKQR,Insertion,1
GLYKNDNTMILCVHLLQMYCIMRMIINICTMGTPWMQYQGKVPPHCMIMA,Substitution,1
NDWVSQCNPADDLQVPYLTLDMCQGTDDEIIIQPAQVHFECGHNMIMRPV,Substitution,1
QPQEPQSEFTTEDMQTQYGNMKQYALKDNWFKYRMAHDDWCQNSQSVLLE,Substitution,0
KVFLIVFYIQHVDHSILEVHKTLDHSNPYRDSYPDWYHMKEICKDDLPDD,Substitution,1
INFEATLMCVQTTDHGWMESHRKSRGHHSERASSCKKNQRENCMNYVHSH,Deletion,1
HSCVLDYWMHQLYCIHVDKHVYHVTTKYIEGYQCSKVFMGTHHMQWFSED,Deletion,0
RGWHRNGQVNTGYGLQPPLHKLLCMEEEEKYGQVCESPMDPSNRKTAIEG,Deletion,0
CGMCSSDARYMCCGVVSMYIKNPEVAAQMSSDWSPRWCEHDNEISQWEQN,Deletion,1
VWCGLRMPGRLGTVWDMECGWAQATSGEMGWMKGRQGQACEPIIQEARNQ,Substitution,1
CWCWNLQWCLGNDAILSREYAKKCRIAQTRWCGTCDPTPTVDAETYMDRL,Substitution,1
QIGMPVTHVSFPWGRWELSVPIQLPQNYTNPPDTLQSNMLMCIWDQISRG,Deletion,0
FGDQSRETQSYCNQCYWEMQVDCVPIKVSDHFNKVPDNCMDKRVYPRQEC,Insertion,1
WNFLSNQEHNPALFMQQAEHMVFHEAFCTTPRKRWMHFCMMEFLWWSPWQ,Deletion,1
DNKETCRYSMLRIMSHFIRLTCLQHDTPIRGYWYPHQDGTNQKMEPICIE,Substitution,0
FPRKQRMMIRKAPFLNDPWDWERAGTFQSNTNSMKLHLMVLAKWHNFETQ,Deletion,0
NWLAHSPKRHDQVIPLFDNTIMYEYMFPTAEWCSRVQYHQLVIKMNVVHM,Insertion,0
TPGLLWPMLDEMRQFFRGDDNAIMWPWVQPNITVLCKISHQALPPCKART,Substitution,0
HLTDENASKVDGALLFNVRRTCDHHSVRIDWVHHCWMRHSQMSFVIQAYG,Deletion,0
TPCWIFKNWWYKKDICKKRRPIRIYFQCDGVIGQDTQNPSWFVTIWHFPE,Substitution,1
MKNYDAGGKVPHSHWIQQRENWDKEYATLGEYNRNLLHMTITKPGWHRNC,Deletion,1
GCYHMCHNPSYSPVFPNVTNQCNQCCDMGLYNDQCDCGHEIFNKAWNQLY,Substitution,0
FDKCREDKVCQQVISLCIRVVAVQCVYPHGHEQWWWFWYCYSGDDGEWGQ,Insertion,1
LKNMWVWDTECEPVWGKEKVRNHRIDRFMSCYDQAWSRMFYKADNIKQYL,Substitution,0
KMGYNNCISQKKCSNFCIKYNPHFQYSWGQQVIQWKLAPAADNYYANENQ,Insertion,0
GKQKLMMHELIWSNTRQNRPLPMRKIFENMEEPKICPIYKPTFGNDHKQE,Insertion,1
ITCPGRTCYWPFRRIKQEWDNYYGQMNCAGTCTCQPWQVKVESCLFCDHI,Insertion,0
AIWKGCWIDQQAVQCQHQAGTANGLMYGRFCVYELGLRSAPENRKSSCDR,Deletion,0
QNNLKVDTMFMYNILIVWNEEGPAALSPNSRNCVPVYLKRDHCHRACEYK,Substitution,1
CKASRYFNEQGPFWMKSPVGGGKTWGWLRNHFDDLELYDLVKRLIYHLHY,Insertion,0
MVEPCWDMGLQPADTPEFHLQHHEECVDHRLTEVLHYPYFHVYWFYACML,Substitution,0
RWTKCIPYCHWIWEYYGLRGRIGTCKYHLIICFNNYQNHDKEMRQVWAMR,Insertion,0
MFKCIQDTDYYAKLPADYRTGTDPGEPVDDGMPSAFHCGKSRDWICWMMD,Insertion,1
TIHFKQRDQREWVAPFHRWVDWYSYIERAYYPCMMYPIKVSIVGPSMRFD,Insertion,1
DFMGFWWFNKTYSEEQDEMWRENSQSHYMYNWSMKPPHQTLCWMVWLDVD,Substitution,0
SILNMCQVSLDVIKKWNGLNKDEDTEYWYRIIISALWSWPWNYCYDWDWA,Deletion,1
VICPRANCTLNQINMCLQFAKKRDLSDTHCTYQYRKAFGHYYDVWERNAN,Insertion,0
TYSEFYRFSWRQQSYKWWPFCELDEILPKIHEECWHHIPDFVGAPDDPMT,Substitution,0
SYEVNYRQMRTGKMDLITYPHKTEYEWFVRCTAHNTWMENYWLPWKDYGI,Insertion,1
IDDAEWCPESHLRFDDCKIFNVVALIRVNPAGVLANWGCAWGKERPPQAY,Insertion,0
KIGGGVVMCKFNGRIIPLTFELIHRTGCCNYLLEKLMSDWELKDEVEFPK,Substitution,1
IQLVHIHPPYLSIRRHMMMISSVMMTYNLVLPPWSLGHRQYRNGPCMDGM,Substitution,0
IFSARIFGLCQHGEKACRTYRQWGDCWKHMAKWPTKKKKLQTIQSCQSFT,Deletion,1
YWFLPTYNRTKSKEYWSESDEDTNMWILVYMMPHFCQRRFFYYANNDVAD,Insertion,0
LGSRWAVPGHMKLDVLTSVQGLLSIISDFIVDCQPTCSTVVQLELVENCS,Deletion,1
LLRVWCAIFYAHSFVYRTAIRCYIMNLPNHLFRMSEEMIRAANIGCSVDN,Deletion,0
SRILNSFDKSKGRHYYYQRRHRINTVSCEMLNCTIVSKWMNDVDLHAPNV,Insertion,0
VKRFGTMIQNWYWIIVIYSFEVAETYIVPVCQRMKHSGNRDVRIVSCLHQ,Deletion,1
YMLKEQNTKICTDNAVEDPEIPKGCGQKEIHHDMKWTCMEVQMALMMKGM,Deletion,1
HDKTGPACVAFWFFYLRSFLPCHHMAEASAKHFRADLPIYLGMMLWRGQS,Substitution,1
RREICHDPLTNKFAPAFPWDVHNKWIIKIDLNMMFRETYVLRPVCEVETN,Insertion,1
EFWFDPFHNEAYWHPLSHDIGNWSYKISVATCSEDPKWQNWYYGLAFLKC,Deletion,1
WATSTQGPCWTEWEREGVFSCCIQQLDPWWHGISKHYYTQDAWDCHKDAG,Deletion,1
MHDAQRTLVSEAHRMPDPDQNVWASETESSEGREYGQSRTYKYEEAQWAA,Insertion,1
SGPIWNHNVVKYVAVVVPINDMNHQEWWWGEWAVHQMFNPELMFIGLTYD,Deletion,0
ERMSLPEIGKFLDMQDPWGERHHVNSMVYAQKTLRQCRFYPFIRPQSSGH,Insertion,0
LLKCMGCYVAEFRDLTKVYCGCSTEGTWTEAACYELIPVYWRRVRWWKAQ,Deletion,0
CPSLGQPVFWYCSCHYKWTYEIHFFGYEQTHAHYEIGDIRDAAFRVYMYC,Insertion,0
VTKCLSKKCYQHLKWWNEWVGWKVSLSMYCYTKTPPTYYMQLGHFRVMLT,Substitution,1
VDKLCLESNRTLAKRYKTLKCNTANVNSWKRFPSWTCCVAFIRALPFMRW,Substitution,0
GFMWKCWACIRLPGMDYDIVVPFRSPCQGNRTYHYYDIQHGICHWIHLYY,Insertion,0
PDAMTKKSVDIPDVMEKDLHCGHFQKCGRCIEELERTKHKWVSDNSWRKM,Substitution,0
NSTKDQYWVNCMRNHMMLMYWAEQALKDSIDNTYSLDWYQDSWDEPQYNY,Insertion,1
VVVGKQWGANLNMFYSYEDHMGPTVCPSEWCCQLNGFMLIDETITNLTVW,Insertion,0
VLLYVHPTEVVMMIPGLTEDEKVCCSSKMCELSQGYSQNWDTNGWHDHAA,Deletion,1
TKKMCHIWYYEIWAHMITPDQSCIIAHNKNHCIDDATGEMGPACPFDKGK,Substitution,1
QFVNGWDQWIMSKQEKCAHSALYFSWLKYLWPNKVPCSMKFYYYIRQMPV,Deletion,0
EDPQPSHDGCCCYAEHTVFPQKEKFWVEMQYFHDYEIVDCMNIFQVPKNY,Deletion,1
PCGYDQRKSCYSWLCIAGQWAPNNNDVMCSKSVLHHYRAPTTDWPHISMS,Insertion,1
PVKVISECRYYICACEPCLIANTWKTRDLRCTSKMRFEVHNIFCHNLCFR,Deletion,0
NKNFRPEPLIYARVQAAGKGKLHCECITWDPFVTQRLEWEKTILRMYDHD,Deletion,1
SHMPYLPAAWPCQLKTWWYEPWGWFYEMWKEFLAYSGWKEGNARPINGTR,Substitution,1
LTKHHCGFQPSLVSRWELCNQWQEMSKVRWPRRDWSWRLNNRLPRGPDAH,Deletion,0
HDHGTGWWCPQGREASQNPPGSCMSRNANCSVWQKYGVCALCFLWEWDVD,Deletion,0
RLNLVNVTWHPMFFQWWWCISPDTPYWKNRVPCFMVTHKSISSQPSYEQP,Insertion,0
KDWPRRFEPPIHGNAILDWCQFSEMLSHVLLAYHLRANRQVDMKAWGHMS,Deletion,1
RLERCMVPDVPHNTACWVSWPIDHSTCYNHKYHYIFKTANEPEDAFEECY,Deletion,1
RLQHKNHGIPPDYHKYWEVYNTCMMNECHDFIPNWTNTTFCVCVTRDEIF,Substitution,0
FDGQRPFYLQGKVIHLEFQMRKVIVQHAIKAMLIIFTCCARHCVAYWACR,Substitution,0
IGLYLLHEQCMQHWQLWSRWWLCMGNKRIHIRGAPSECFKQQKEYGIEVN,Deletion,0
GWEGGMLLEKVEHDCIKVQYFKDMGFKELQLRWTCSHVSANSSFDNTMYM,Insertion,1
PSKKKIRNPAFAVHLWSNERYPVDADRWPMFPMLAPQWDWMHNCQYMMTI,Deletion,1
EELFMWFRVYEEESNCITYKYMLDQAQPQEDMAYGYAKQDNGRHTQTWDM,Deletion,0
LSGPHRRKQAMMFPKMRSHKDSVGKMGCESKEDWIVQASVHRYNLVIKLV,Insertion,1
HYITTAQKSMKPYYHKHSEPWMNSGYHDKTMTVLHAQTHNIKFAAWHWGA,Deletion,1
GWCKNCTKMAMFYMPMTAPVDGLVYHHEIWNWDHWDGDRIMCGYECVLQC,Substitution,0
RFRCLVTRGPNFFSSCFVNKYTVIYRMIPAHPMFWAVFKEGYSWVSHRAD,Insertion,0
QWCTGCSKNHREHKASCSSSFFMMDARNGFIQYKWCECNDVTVKRAEGPW,Insertion,1
VHLHDGRDPELCMKEVSIFHKADHLNYIFLMHIHPQNQDVVPQDWGGMNL,Deletion,0
VSTELPCSSPKAEYNTVYWCTEHLWAQITINCNRTEQQCQWMHPYKCSHL,Insertion,0
IDTIIPYDDGTRKNIKVIPKHTCDGECAFMNPHCLYMFKVIRKLRFGDWY,Deletion,1
SGKPWYYTGTWMYQQEDHCRVGDDFIIFVTLHWTPVYWYGMIMDGPHQLK,Insertion,0
LHMTQAMRGADRACNTTKNDNQLVQEVQKGSNILHFANYGINYLREPFRP,Substitution,1
TVPDACKFHIMVNAMHIGIKAMYKKFPWGGVMQDNRVDCSIADEWQHKWS,Deletion,1
KGSSIHGEAWRELGFSWEMCNCQSFSSICDINRWDRNVGRQWWHYYAQLS,Insertion,1
CQHDACWKIVICPCPWDIAVPSFIWAQHCEWTPRDQRFKANEFPCEITDP,Substitution,1
QHMLVLWACPVAMMHDNWSEIKENMHYDSNNHLKRAPGEKYFMPFYMCVF,Deletion,1
FFLWPTNYNEPPKQSIMWDDILQRGFNKPEDMDMKSVMALYILWMYDTGD,Substitution,0
NPGNEMTDVYMIDVNMTGWCGSKCTSYYYPGLEQGPRGPQTPKVQFEQIR,Insertion,0
MEQSINDVWGRSLIRDSKRTNYEVEYYHWYYRIYCVVHPKILFQFTAFVP,Substitution,1
SGKFSKRMQKLVVHWSPLSYYQSSSCLHPDGQTAWDCLKQGTQKENTNLP,Insertion,1
WNYNFMDKKLMDCTYVPEHFPPLSYLMKNTGKKGIVYWSMTVHTVSQMQS,Insertion,0
IIFFDFQGGSVMFSRLHLKRNTCCIIWWIWWVRTEFWAERLISWGSKTDD,Insertion,1
YEVIFLDELWQGVVYIHEFAYDITLNFETHEHWHIRTGFVQNLPTTVNCC,Substitution,1
FLMGIETSWFPEYIRAEHCHPREFGWYQPYSEWTTAIMFGARFYWAFCCC,Substitution,0
RQQHREQYSWMRQKELTSTCDVTIQESTQDGPMPTIYAMGDFRVCSLPTC,Substitution,0
LHSITTECDQNRHYAGMHISGVKPNSMHDPPEDWMGYISHYNQMTKCVMN,Substitution,1
PIQSYWDIQAWQSRAHCWPQAHQPKAQIRSWITYCLAVKGAQCFDLYMTT,Insertion,0
TDAGCIIEEQKWLKHKGHDVTEIGGFGRDAFGFVVPCHCADFWCNYDVIE,Substitution,1
CQRVLNDRCHNHGEEHGIPHLIHPCYDNQAQVPIFWYCICIMMYDIHDPE,Insertion,1
MNPDADLLFWTGQYAPIGWCSDIQWYGGRFVTQKADQVQDVNEVWACNKE,Insertion,1
RLWHTAGGDQCTHCTIEGIPYCSMYCVRRFQAWRHVPHNKERSDLVPCCQ,Substitution,0
KWEIWYMMGNPTQCNDEDQCNHWIGTRHWWKVSSGRFPAFKLSDPFSSQN,Deletion,0
NYHKPRYQKMLRRKTSGYHEQCRNMDTCLLLMMHQKIMECPMGSWHINHW,Deletion,0
KVFWINSTTCTRVIWRIRRKPFHFAESGTCNVNMCKHHNNRMDAKVLDNM,Deletion,0
RFKFKENGSMQTRGKAPFYLNPVIDKLAGEVCYPTTNAVGIEERCFEMCW,Insertion,0
CMLREKIDDFDQRWMIQKIGDVKDKKFYGANMMCLRWNLICMHGFIHCKS,Substitution,1
QWDLYNTPYKSMNLNHDALYTKFCQHGRHWTVGTLQCVRNRPDSKTCMMW,Deletion,0
LWDDHIWHRDKRLASMPQPELDEFNQMCHWHFTYQYSCIIAWWDIHVTKY,Insertion,0
SLEKKFYILVCLGDAYHVLEMLRRVLRSDHIPELVKHPSVKTNYFQLARS,Deletion,0
VCSREKFNSHINMPWQLDYMDISWRMMGYKFSRAQAFNMVFLPFMLPNFH,Substitution,1
EPVYKKGGIRMSLVPGGQKPIPFGGWWTGHIWWWQVKIPIGQWMPEWGDV,Insertion,1
QPDDPPRIQNHIYMCFDTFECEFGNMRYVDASMEFIHPGHKIQLAHGEKI,Deletion,0
MPIMYETRKLRGWKSIRYWYKPRIHRSEWARSWDRGQKSDYTTDWRQAKN,Insertion,0
YHMWTVIMECSVFFHMEAVRLARPGYEDKSMLNTEYRHEQFPWCLIARYK,Deletion,0
SNKDILNHRVEGQNTEWTYKIDARCEWHIFHIPNMGTPEGTWFRTVFSDP,Substitution,1
GMWAMLTRGCIFATHVNLICKEVSVMVEVKMWADQSASNLMSGATMPCVS,Substitution,0
LCNDPLVWYYCRKVGVCQYFFMIPGPKTDMEDKIHTLGSWMDCGDLEFHG,Deletion,0
CEDKNTPWLRECPVMKLMLGMKRIKSWRDAYSWQMGAWQKPSHKFRIWWR,Insertion,0
DEQRVMKRHVPCEFLNKHRFFCTMANGRQVWISFNYVPFTNFKGRGDFCA,Insertion,0
TWGLPHYILCSPIIPFLAFAARHGKQNWWVRWEPTVEEGRNPPTTFPRSY,Deletion,0
HNTWAMLSYNHLATAGWYIMDSMCTRSTFVQPVSRGWMHDEHWRHFGRFG,Deletion,1
WECEWMWDGHSLKKAKQPTIPQGKMGQHLSKATYNEIAIWAFLDTVYHVS,Substitution,0
CILDNAVIYSWCDTDDLSDWHMRQAHEYIMTKVKLYPYYTKWCKDVFVHC,Insertion,0
YQGNPIEWYESQTHFAVKSWNCFGPSQDVDAEVWSGIVTHFNTVWGWENM,Deletion,0
WSGDPISIVVMWNQTECAFLMKCNMDPAAVMCDSAHCVYETTLHRMIMWL,Deletion,0
HYYHLDSWIEQIHQAESVTHESMWREWEQIHGLELYVSERSLTMIYKVAS,Deletion,1
GEYKASTMKRAVGGLRSASLEINGNPARINSDQISYKILEAEVKRRQQCA,Deletion,1
YWITFQLTVHRDKYCIWNACVECESGKFEEEFFAWPRVMYSNTSMLLENM,Deletion,1
SFTWLMPFMFQIDPLEPVQRYNSYLHALLCQDRSSYRVWKSQQEGYRAFA,Substitution,0
WYDEDPNIYMPIEKCRYIDCPCMIIHTGPYNSANGNLWEVGIWPWLQKEW,Insertion,0
TFQDYDSLPRIMLISQPWSFNDMKKLQWICPDNLMLAPKHWFNEHITVMH,Insertion,0
HFCLFMQVNVAQYWDDDHPEAGGWQGEITNFLVGKTFIDNFGSLCFMWAT,Substitution,1
IFNIYQAITALHNHFGQDNWVNTSILCIHMLQMMRTIWQRMWGVIRNHHW,Deletion,1
MLDECACNQSQSCTKAMFPGDQQYDDGGQTRCGISPFADVIIPQYDQNRW,Substitution,0
YSPTMPVGKVTVPLTYRYVSKNWSVNTMILTMMLPQPEYFEPSAIDVRVA,Insertion,1
MEQVRTHRKHFDKQGNLEEEFMCKKCETACTLYAVTYVCQIPQGVMCNFA,Substitution,1
QCHCTCQPPHQMKFLPDKKLFFHGFVLWDEKPDQVLMNDRACMHEPYSMS,Insertion,0
SQYVTQYIQMLWMSTFQSSQFDYLGKWALIYPTPKIQDADPSRDGIWKIM,Substitution,1
YFTPVFVQVWPIPDEQDRQENIFARKCLTESTNAKMPILGDKPCLYWKRP,Deletion,0
TFGPVNGFSRASMMRFVYMHSVHLYYLTMHVEYNVQRLITPMMNHNSGSN,Insertion,0
GKRCQQIVAVTDYKNHISSCIHWHWHMPWDWDCEHDISYKAWEYQAKSEV,Insertion,0
PCKQHTYHRVVDGNMSNFVFAHKSWYSKHFDRRKMYGKYTHDCWYQRAKW,Deletion,0
MDPCRQQRRWAEMHAVDIAVKGWVTKDPKQNNASWFNGPMQFLVIAEQCN,Deletion,0
VPNFQMRMGLNWRFIEENVTKEHTATNYTQYRAIDYCGFHDHDSMTGPTR,Insertion,0
RKLFCVIRNVNTKSKEIISHHMQWYSGMQLRVEEAGGNNMSNAASFWEYF,Substitution,1
YNELAWDQRLTMFAWRYFSVSKDPILNKGHIKARNTPNGHPNYIVHYEEI,Deletion,0
IQFWFLQVWMPWSPYHAHDQDPHNIGVMHKFFFWHYEDWQKHLAASFFPY,Deletion,1
YYRWEQIIAQRVGYTVLKPYMNAAEMKIDNMMASLLFTDNFHMHYTIACQ,Deletion,1
HVIDFQGQASMLIVEIVSDKLNMKEHTMKAYSVGIRWYKMFTYEFFVPCM,Deletion,1
EYWDKQAHLDITYNWMHKRNHFTVVKPGGNAWTGNIGWWWKMELPQSKPG,Insertion,0
PYTMRFHGCYGPACGYSRAQKDAAEQYNEEYGDERNSIVMVISGFCVILT,Substitution,1
PRPGLASIVMMYCWRMDLSSHFCKTYTCVDTLHCNHDGYQQKWGIDCFDC,Substitution,1
CDYHIPYIEKRLSFGRAIPAHCNDCFCFTMNMACYHLRYANSCLPLDQDG,Substitution,0
GVLRETHVLGCHSLHVVWFICLTHEYVAVYYVHLKSQKKVAFKHWFPPQW,Substitution,0
LYNDSDLKRMKENVFFQYHTYEYPNVVKALPHQAVKEAIEGVCDYPFPRV,Insertion,0
KHGCLPNHGRCGKHVYHVRAMRNLQMCWRFQYNEPTPICEINPTDCYQNY,Insertion,1
ISQIMGRRKDYQNYKETGMMNENRQEARDVNEHHPEFWHVFGWGGPHQPD,Insertion,1
TLDTNLSETMYGDTQQQSDPKFTDFINVYNVPWTMTKRIIEHCWCNKEAN,Substitution,1
KDNEHPMYVRPSALPFIHSQHCDKYRTSAIPNFNIGFEKVGPVGKMNMTF,Insertion,1
GETVGTSEPRNWSYFSGYPMGDPDCWKLTITVMQPVATIAVHFHKGRMFL,Deletion,0
ITKQLNKWKRYGNFRSYSVFICCLPMINVEWSENTWNVDGYAFSWKVVLA,Insertion,1
VRVTDDLEMKFRKRLAGGWFEDVWCSCCTPGFGDSNKMASYKRGDISHAF,Substitution,0
KRNPSNGPGQADRECVDHSRFNGMHSHAFQTMMFELSLWHTGQKDWINCT,Deletion,0
GLINCGESMYYVWYVDEAEVNQDLTDSVMIWLLWIFYKGHRFWEETQMWY,Deletion,0
YCWCRTATFMMCFCGHNMWYRKWPHNDWLVMCISTYPVQIGENHDSPFTA,Deletion,1
HQWLRGADNGVQVTYPNEHMKLKKPVSTVIDPIVRRQTWWSGCNNAAHYW,Substitution,1
CHTGCFIVPHFMNCTYQLIGHSTHGNHKPIIWWDVEYFNKTRMCHNSCHL,Insertion,1
MHVCVSYRPICGLDATPHCNHFWDPGGAMTNVWGHNYLQYTNTDKHVHVQ,Substitution,1
TMGLGWHYRIYPWHLMDVEEDIYARIRKHACSFRMMWHSNGKQHQIIKYN,Deletion,0
INMSLDVWESFQNLMVSASECFSYKDCLPFFDYHVFVKTPFSPKQQSPFH,Substitution,1
DMEVLHVSFMWNAVYWKHCDRVQRPPDAQWSTSVDHAKHLAPCGSCLYRQ,Deletion,0
EWHRYHQYHQGQEYGPKEVICMWWFYPQKTKLIQYCNCDWTSGHQNIYAF,Substitution,0
AMITNMQQMFQMNVGMNTDVFLNDMLEILHMPAWEHKFWLYWTLIVQWGL,Insertion,1
QEITVKGPCWDEYSPDRHLFRMFAPMWVCRSAALHKAAEINIPYLNTNVN,Substitution,0
ENQFVLNYYPIKADIEIWCWALMIHSIEMAAKQPWWVTQKFPYHHEPLWL,Substitution,1
SAIAKYYCSYVFRWWQNFLIVQISEWSPPSRTSTRDVFIAETKACYNHCH,Insertion,0
PCFASHWVTPAYCWINGWNYEHKFRDFGSVQWSVQFFIAYILCHPNMRWC,Insertion,0
ERYTSICEWFQMWDNGPHRWTYTSVDQIIKRRYGCSLYWTGWHNLPWQVQ,Deletion,1
GTELLRENSYAICHNLQAQKYMRNQLRGFCMAPNNKVHPHCSASQEPYVT,Insertion,1
TQACFAVNASHRDNVPFWMIIAIAAHGYEMQYKSSTPPELKRDMGPTNCN,Substitution,0
KYPQQQKHRNVPLLLNRARPPNLIFTGVRDTEMGGPYHECTAWGHPINFG,Insertion,1
AFGVWRWMHYRRWGTIAEFRFVLWFHPGKKGVHSQSEVFEWFWKGTDTEH,Insertion,0
RLAKQDAMERPYQDWDWIDHCARAGGMWDQSSYFFNFGDYARSSMFKWMI,Substitution,0
HHDDSIIFCEAFITDVYIRNMLQTGRKVQKSPYELASKMPRKYMQAGNHK,Substitution,1
QRGQMTREQEVRKQLPDVLCQFEGRYVHISTFRQYSIQDFRVLYSCDATY,Insertion,0
CWEIMVKRMMEENYSVFVMGTGNRGIHNADWHIADKEQYNRHRIIHANYM,Deletion,0
PLQPSMHWLHGVNQEYIASRIEREYVMCRQQVHVQCYDLMKQLWSWKVSK,Deletion,0
TNVKNEMETYSVHFVMTGLIHRHSKPAQNRVMPQWYQNERVMAQQEHVKN,Insertion,1
PHHQMSFTLRYMCVVRTMLSYHGSEDGYKAYHDAQVLFEDCCAPNESGSI,Deletion,0
HQSCQLVGNTMWISVTRLDMYCRKDYLFYMSKPVRAWPHSVNDMFPNLQL,Substitution,1
HGQFDHYVVFEYMEHVWGASLVHNVFSYFHWACDYPCQLCPDQQNYIKAG,Insertion,1
VMNKWLVHVVARQYTIVLTQLVMMKVWTTDFHFNPSHLGGDCTIWEYFNI,Insertion,0
EAGFQAQFWDPRWLHQLRMELKFRQIGKYRTWIVRAFCHRFTESQVWHNK,Deletion,1
HQKFWKTKHVLGKHFFSPHTKANCWYDPQMTCLWWDGKGNQGNFWFFIKS,Substitution,0
GDGYLVQLNHDQIDALCMNVWYVLWIKNHITWAYQGTFDMHHVAINWVRA,Substitution,1
FVQNHLKGWEEIEAWTVVIDKCYTVHAGFNGKYLPCCNPPFERIESLVIG,Substitution,1
MWKHLHRARPRPNWSYDDIWWWIEDLHHKDDHYRGFSHMSCGKFYHFWDH,Insertion,1
YYRHEKPTNYLVPQRILNLVKDQRADILKHGHAWRPMHHIYICDGDLQNG,Insertion,1
STRKAYCNHKFWNEAQIDCNYYDYNVLSQLVAWYLEWFWLLGMKIFVIGW,Deletion,0
WEFNYPYSAAMCVDPPSRALIFTCCWQQVYTFPQQPQDYRPLCDRHIGQD,Insertion,1
YLECNTWEQKKGCPETYGNGDLSNLIVTCYSIFRVPDNMPEPLSRVDDPF,Insertion,1
IYMVDLCCSPYKIIGSQCQCKLAQLWDECAGGARFHCMLNYVQFKCFHQK,Insertion,1
LNGAADLRSNMKTHRILPQCVPKGIMVMKPSTSKMCFSNDNWSLEDYTAF,Insertion,0
PQDLRQFCEMGWMNYIMEHFLSNNPCKVPPNVPMDVRVWQYLMHHSGIFM,Deletion,1
IAQRCHIMRDFIVSDEFYTTVTCCGTVGRHHVFSDDDNKFNDIPSMHAYG,Insertion,1
NFCRKLLRITMDCITMRFQSEMMKVFFDREVTQQCTPAWHFHPMYNHINL,Insertion,1
DLWWWAHFYTQTAMEVTMDLQIWKNMVNPWSHCDVQMLVMCEATRMTFKL,Deletion,0
AVKVWIPMRHYAWMMDLYHDKLALGWTSTFHFESGPSKVHHYRPDWGRRQ,Insertion,0
KNLSRWTGTYPNAVMRTSTVNYRTEHSWRLMYCQHAIRSMMLRTPAALES,Insertion,1
YKNTQDVLNTCDALTRSTNFMDHHHNRGLLLQNYPWFTNIRLTDGMFPDE,Substitution,0
ERYDDWYGPDLYLNTVSQRSCGVSTRLFMVKNFHSGNVDWHPRTPMEVFE,Deletion,1
ARNIPECCKDEQCSSQQHSCKHTFRSASNKRICIPTTTWTFNKFPLLHDC,Insertion,0
FTNRMLWRMDTYTIYSHAFFICHMTWICPCQNRDAWLQKALNGNNVMYSC,Deletion,1
WMTMRNQEWMVTNMKADHIQECMAAHNLPIPIEPGQMEFKNRWANNWWIF,Deletion,1
AFYGACSPFHKWQHWLPSQYKVGIETGTGLVICNAHIDWRMNIWADKFAM,Insertion,0
YVDFQEMHYHDGTEMASEDQIYLPTTFWRDEYINLHLQIMYMAFVSTVVF,Deletion,0
SIVNSQEDFVDLFRINDPQHVEPGNPTCPALRTRKWIEASVSPGRYYNRW,Insertion,0
IKPLRGSQPWQKWQWGNIAAIKNRFWDLCCFLKGKSNLWYAIHHFSDDTY,Substitution,1
GNLVEWVLFHWQRAPHGTYCRFDGTAKRCIAQASKRDNLYCEWKGTNPRP,Deletion,1
HAVWWMRLFVVSDGGSEEAGINRVKTWTMDNRPHNTINDFRFNKKVDIIP,Insertion,1
LMRIEHWGAPYNIMDARMTHTPIGGICCHGEPMQGQDMMILIMVAQGHLL,Substitution,0
WYPGDHQWDQMFKHEHMGVWSWAWSSDSWQFWGDSLFIHFFGETDMSMSF,Substitution,0
HESDNSYEGWTWSSLPMDCWVSHHRGKWSQCLTCWEYKVGHHKGRQGYPY,Substitution,1
GLHLYSWAGIQDMEGKEDLRGNWYFRTANHMKVTGWTHDRNGMCRKIAFT,Substitution,1
EVVVLVGLLRFKQWKYIPLLCPFMTFQFFEVFVCTMVRVMHYFKMQFQTK,Substitution,1
FVVFQFAQYHSYRFCKTKCAPSDGEKTAWYNWAPWCWDYLRTTVYVASQL,Substitution,1
LVGHVQASTYQYPTSVNELNMQQARCCPQRLSDNVFEATVRPDRSCSRNH,Substitution,0
DHGNQDRFHHRMMDKEWRNQEYPGWGLFVCVYILKKIVDYVPMLNTVQSS,Deletion,0
MLCVTVWKHFVHPMWKCFQAHKLVCYWEEFVCRLGMQFMVIEKKKHYWML,Substitution,1
IMSSPLNWNQFKGAGHSEGPVVEMWLAWHKVVRDKFPAWLIANISSKPFL,Deletion,1
TLEWNIVHCRYDKVHCLQSYLRAWMQMSWNLSSKNPCMGIAGEHNYPVGT,Deletion,0
NCHNLNYLNPTYMLHFMNFRTCMVIGALWDLCHAMWQTDCMMCGFEWYYE,Insertion,1
ATSAMAYHYYYPAPGRMCNSSWLFMSVMTCETNWIHRIWHVSCSIHFAQG,Insertion,0
TGFQYKQLYRVEPQASKMPHITIRLYCSVQHVQIYAPAKAYPHDAQFPQH,Insertion,1
IGKPYWMPQIGTAWWNFGHVTMRQCSLTGVDCPFPKVHPPHLLRTIDCQH,Substitution,0
YHCQGDKCVANTVPIQWHAEIIKGIFRQKYDTPSNHDFFPQNDLFKLDLF,Insertion,1
SYEYIDIPNICGCHMQITIGMQRPFVIKCAEMEDTSFKYKKMRSANFMQM,Insertion,0
LAYYNKTGRFFWLNWHRALYDAVEACKQVWSEFAERFALNCYSWQNAAIH,Deletion,1
KLMDHDDHYQDIVYPYRWPMFCYYNKKEAPRQLHCQDKWFYSQARGTFLW,Insertion,0
EADPIQHRSTQFVLHKHENLTAIRCQDFCRRSHGCLWFSFWDWWNGTMTQ,Substitution,1
QHCDMISDKLNINGRWHNHVRSPAPHEYNNSRNPGALPDGFKQTTIKVGN,Deletion,1
KHKYYEPVHGPTWAWNDDRCDMWGMYYQQHIQKIYAFEICSQTNKMTFVV,Insertion,1
CMVRPLAINHFDGESRSMPHNQWEEIGTMMVNEWSLCDYDLWWTSKQFQM,Substitution,0
WSRHTDVGCRWMPAHDCHHCYVNFMAHNLYIPMPNCYQKKSTSHVRCPKG,Substitution,0
NEGLQPYMRRYFNAFGTCWNYCKELNAHCKLHVQDGSNVLGPTMEDDDCF,Insertion,0
VYAWWIWVYGATVCIASRWMYTMTGKNWWDPHTCPMVKRIENLRDMVDFL,Substitution,1
AEDVLMLFKMWEMWIRKMTDFQHGKLRDKPFCHESAKDMVYYKCAQFLGG,Deletion,1
HMDWGYCLGTVIQSYHDCWILRHQEEKANKGSKMDFAANLRFRACNGHRG,Insertion,1
IHGAWFYDAKSMQRVYSNAVYGWCDMPALQDFAMKVFEELYAKYAIEDDA,Insertion,0
ARCGCTHWWIDWRIDPSHHVDKWTDFYAFGTELFWTPFCLNVWFAWMVHC,Deletion,0
WADHCATNRQLHFMNELINGRWHHTMTGGVEYYPRVFDYTQNNWPDFYVQ,Substitution,1
DHQLFQIRRRSKPYEGCHNAASVIPETPFTLRSGPCTQPAHQVSKAMMWT,Insertion,1
SGLFGSDGNCHAHITGILHYNIPVWFFYDHCHVEHLYIVASRNKLWRWTF,Substitution,0
ANIWGIMVGAAQWAEEAVHFWIPTLCDAIPYQIQCVCIHKSYCGNCALGY,Insertion,1
YVVVMSCETFVLKVGDIWSRVYSDMNQTWQCTMHGCMNSTMLHWTILCPF,Substitution,0
PYKMPHRKMTKCFWKRGSSRELNMKYASTHMKVELYLQVEWVNFRMQAEF,Substitution,1
DGWVHSTISLLHQLHMNGVQFIPRIANQTRWAGYYTWYYKHHTSCHVQKA,Substitution,0
CIENCAAPKCVVFLPDGLHQIIEWMSRMLVRCPHMCGRDCWDWCWRLCAA,Substitution,0
CTNKQAKVMTSVKGHDLKVPIMWIAKSDSVDHFNHWNSPVGRGRFLWYDG,Deletion,1
FFMHTNPTWDCCKKDSGGRFGAWWEFFHRMEEHFVGMAYIDYLPVGKCEI,Insertion,0
VLCNIMHNCHVAPTEDFGSGQWIQKIIDMNGDTWLCVYHKLSKACSWVNW,Substitution,0
GIKLNYSNWHNSNFNAPAWHAATARADNDDFPVPSLTCPGQITGCQIHPK,Substitution,1
GVWFTGGDPCYTVELHMVFEAEVRRNPYLCCSMMFFQPGIVVDRYCNPDV,Deletion,0
HSESGRQVCMHQLIYYYVQVNNHDCENNSMSIPFKFDYGRWYLMTDGGYT,Substitution,1
NRAIAAGRDFTCKDRHWHDWYYSGENSRVALYWVGWVGGIWCTRQRERGN,Insertion,0
MWLAFNIFDKIRTNYGRRPYKIPTQVQQASLLLMTDGDNMHKEDSKDCIQ,Insertion,0
HLFVKMQWNDDTRDCDQANNQHWHFTHRLSGGQYHASGVFWHVACLGAFY,Substitution,0
MTFHFSRTWDSYIITACVFWTWTLKAMNLGDTRQQSRIADHDDLRIWWSH,Substitution,1
MCDCCRFLMRHLFGLCFYWMNEHRYDKMTEQWQPSCDQNCTAWQHQRTFS,Substitution,1
TSQLWMQYMAVYWEYEMNTGGPNQKRIFLCTIEFHCCPEHSTHKYETWVM,Deletion,0
IHCWLMQFHDQENGQTHFMHIKVMNDAYGSIEPTEFQAPQMAPMGHVYYD,Substitution,1
FFEEMILLNTIADMITRLMCMSCAFIEFKNCLQGRQDANHLWLSQICAAD,Deletion,1
RHKPFATASFVTAICHPMLEMNAGVPHWIHEGYYKFVMSASGPVPQGCDL,Substitution,1
GRPLYTRGCHSMTIVWNCAQCLWYWNQCTTMDTKERVHVLNERIDPAIES,Deletion,1
MWSQDLSTFYTQMTYAKDDIGCMYNGCIIHKFEGMVLQCKWADRLIMCFW,Deletion,0
FTEDEQLVDNSCLVRTQDIKCLGSGESPNGSKKIYLNYLIRLNKGSQWLD,Insertion,0
NVFPWVKQRKQQTSAYSHSTKSWRPIHEPADMSEEKKGGCNQQIFEKKQE,Insertion,1
VAYQEGKEFKCCEECGAGLNKALREWWHHRDCGQFGGEQLRHCKQDDWLE,Insertion,0
HDECHFPLNFFHTDGVQKSSETLGPQWVYVQRMNKNLDPICHCGENGPCP,Substitution,1
DYNMQTSHNLFRVNSSFKSTVHSNKCLTSPTVTLMIHSGVELSEFNPSQA,Deletion,1
IASTLAIAPPILGNSNRHQRLAKTLRWWHQHFMMNHLQEWQCEETYRTQH,Deletion,0
CKIQWGTTADTGENFCSQHHQHFCHKYNTPQWMEYYIGWIFMSCFVNLKW,Deletion,0
ENISVSHMLYLTEIVMGLTRSNYQLPPEQQWPLAPFWVTWNKYWNFAQIN,Substitution,0
CIVWDAQHWETSKMDQVSFGWTRMPHCDLIYGGPFWKHESDIVEQIYCAC,Substitution,1
QTAHQWWVMFPCAKYHKHAMFKRQEEAWITSCVRNYWFLLLHFIKDGAVL,Substitution,0
HCWVPFANAFSGVGKNRVGLLCTWKRGWSAACRWHRLSQYFQTMKRKFVQ,Deletion,1
VGVSISCHEKRMNGLGKECFIQVRLITPYVEYMATPNQHICHKNADLYGW,Substitution,1
PLSQRDTEVFNQWVESVRSTDNMHDHIDPYRFYVFEGANVVDYSSNDQHT,Insertion,0
WTVMYPVEKWEIWTEFIVYDYRSDPMTGFYIHKEDAGLFELSAILWFMWL,Insertion,1
WACRHWCTELSKGIQFFKHGGHIRNEAYRTLMTGHPNSHKKMYTVPMTRI,Substitution,1
HQPTEPWYVTIKNKNGQYTWDLDPHENRIVNDMVEDFSMGVVYEPSWELR,Insertion,0
DNVNFQEHRHGDDWTFIMEMPMHRMTMQHQNFCVNEAVQPMSAGASWIHG,Insertion,1
QCQHARIDMDYAILLPLKPMIMHPRAHFRYDQFPKACKQNNNCELFSNFQ,Deletion,1
MSIFLPNCGERNKNYNNFNKGPCMHCEQKPYMLLYKIWEWPNWQQDGLDR,Substitution,0
TTKLDWKAFAQMVKQEGRNRCFFHYVYIHQVAYALILSTYADADMGNTRG,Insertion,1
CLDECGRYTNLRITIQADDPHSNRGSTMESSIKMGLMNYEIKGTDYIKDS,Insertion,1
NFWSPSMRWGRSAIQNIHSFYPTAYKQKNCSETQPPMDAKTGTPAAVCSD,Substitution,0
YIEPCWCKQLCSHTGPNCSYNPRYSEITCHGITNEFHQPGSVCFYYGEPP,Insertion,0
ELGKTRIYCKRTEIHIIEWRVWHWVSVPEFFDKDCISGVSVFCYRVPGHG,Deletion,0
KYPLTCWRCECAEIINFPWPYCPYEYLRFRYLEVMACNNGFDERMTFHTI,Insertion,1
DNEWTWSVHAHPARAQFGPMHNFHDWFISKVYRHYTYGTWDDLYFLMRPC,Deletion,1
ENWHCREGNIHSYYAPEKTGKIDMRCVYNDRGRVHIWWEFRETCDASSIR,Deletion,1
SMPASRGRPENQNVGHSHYTTQPPHICMPYFKKNRCKDSGHFWLTMNYEQ,Deletion,1
YNWKGWYDVNTYWFQRLYENPFVCVQCAFQWKCNEFKNFSDAGQFMLPTE,Insertion,1
NFELVSAITFWRYCPEDSKALAGFENKLMQHCRVHPEHHNDKLSQRMEFS,Insertion,1
EFTRWISNPSPIFRVIFLSKYVTEFSASKVPSIRMLCQNTVMDQLDAAPE,Substitution,0
LNWLHIGLFLGMDIFYITDLMTCKDCTFEDGRAARDTYCEGKNCSVTCYR,Insertion,1
PNIEFGYCMAQNHMHNQSQAPSHQGQIGNHYLPWCHFWAEEACYMNDSNT,Substitution,0
NFEKWGQHTAAFSVESWAPFDPFAEFVNQWEWCIIPPMYSQLADYKTKCL,Deletion,1
CAYKFIAWAISFIDLSPQLLTLSIVGNKCSGELFMMFNSLNEYYRWYLSW,Substitution,0
CLFLNHHQFRCNTTDWWGCWNETLEVIPIFATVCFTRSSDERAIPNCSIW,Insertion,1
KYQWEQIRVRNAKPTNRKTGYFMEAQFHYEVLHHSDDSVTRENCCEKECQ,Substitution,0
DVLQQYGVDGKLYVRTRHTWRFYDEFQAEGTSVYMQPPAFCMLHMNGHMT,Substitution,0
HVTVWWRNKGVRCWNEQKCFYSQSETVNKYINNYDQCDRSQYSVWSPAMI,Deletion,1
EDSQYDHQNAWDLIWYYEDMDLGMCQLCWVYGNLQHYPDLCETAKEWEMH,Insertion,1
ATNKYCFIKWMIEPGYLMWRMHQPPIAQKICHLWQRCASYGDSMWSVWPW,Deletion,1
MWKHFKMTFKRLMQNTYFFNSGKYGFSWREQKGEGNEYIDCWIFQSKPWD,Deletion,1
QVHMHVNRRIIDQITLKAAQWCYRFQIRHSIPPYQVSHLLLNTKMHKTTH,Deletion,1
QRYCLDWRKREDSMPKIGFFIDTVSSTRRCLHAAMLAKNWLVDNHVWPLI,Insertion,0
IYCPYPMHHPCREQPPQYWMDLCEMHWAFPYTKTTDMQASCGMQWEAWSL,Deletion,1
VGIWVIFVDIFPLSWAQWVHPPRFVTKCIYITYRTKRTLYRRLKQHWGWE,Substitution,1
HMREPNERKMKKYNAEIMEDLGDVRMVDEIHPLSSVEFFYNECDICMMYL,Deletion,1
THPWWGKCLDTFWFHSKTHPRNAYYAHPYNYQEPEKRTFKDGCSGRKGFG,Insertion,1
HHACGIQGYAFIYEWTGTDASKHYHRSAVPYPAPNSCYDNHELGTIVEFT,Deletion,0
NATNMMGEAWCNEDYTYNVWWWHQWTLWWSMRYGGAQLYHQWSLIVGWSQ,Deletion,0
HVECHCVCCIYQQVGWSRQGAWYLINLFNHAPIIHVRMWAAQTNIFQVDD,Deletion,0
YMHRDYFFFEGTCQWDLRIRFYHRSYRMYHHKFQGGYFQPEYERFNHYSH,Deletion,1
DCPFQPDDWMTSNCRLQFNIWWMIFRCVKTMCEWRMCAQYAGIPCMLMIA,Substitution,1
QVTDHNCCCRCSAEHSQLYENPYQVHTSWDTNWWGITTEVCKMGVDECQH,Insertion,1
ACMDWNDQDEATAEGWMKEKACVLLSNEALCMDERLTLRGNENWYYDPAE,Insertion,1
GKGMRIENNCMMHFPIFVFWCAASPGDGWFEKGSMRRATMPEECRYSNNH,Deletion,0
WMPNLQAIPDGCMNHRGQRPPVFPMAIQENSSVHYHSNDAKCQRPQLMWV,Insertion,1
HEFFNAFSAWKVYHTNRFFWGCSMEYNELQISVNLVHQRSFQDLVMEYKV,Substitution,0
IFNFCKQQLWYNGEGDIVHISRMYRSKVEFWKNRMTCVFSPIYSMGIPEK,Insertion,1
KDYRMTPDMNTMMYCFPTLDISSENPLYQGNQHRWMDTIDSEPIVSEVDN,Deletion,1
YYYPWMEGKYWPNFMHAQMQTPSNETMKMDFMIVKVFQEFNKLEKHEWLM,Insertion,1
QVGALGQHCRTSAKSGRMVIGEMTNYNACASWGAQENFIHKALQNQFCSC,Substitution,1
EHQEYQKTNTTGPAQCVPCFITQWIKRFPMVYDIPRPMWCNINSNREWHE,Insertion,1
HVWCLGRWEWYGCPEHRSTHMRPFAQVITMCIIWSHSCKTEHRAFELDNC,Deletion,0
VTIMDHGPDSGRESTVHCVIWMNDCLVRLRKSYLIFGWIFKHWHWFCQKF,Deletion,1
WTNGTNIRDTTNLPEVDCRLTRTERSKNCMRRGPGTPMCFTMNDMNVSHF,Insertion,0
RGNSCQHMFRDVYIGPYEMALYRCYGQHRSRMQAKSSLEWMSNGKMPLEA,Insertion,0
YLIVWWKTSRSVGHKRAGEQATGKLMYNGQWTNSHAQMAWRIVPNVSTDH,Insertion,1
QIPSWWIPMHWCSWYPPKEVRDKMGKDAKDLSSWLDWHMPCPINDMDCAD,Deletion,1
AEWSMASDFDYQLEASWDLRYWNLPYFWQCCSRINRRKPPKVFCFLGIHW,Deletion,0
SPSWWMTGEDLYKFFSLILWHHQPSLDTWPSSRVFNTYCLEPCIAWQPWK,Insertion,0
TVHCKYSPFTPWYACEQKIVMKYCVLDMWSMNYGICFRVLDVRFRDWWKI,Insertion,1
EWLVLTFTPFIFKNEMMTLFPDYPCMNSVASQGHNKLYQCYLVNITWTGY,Substitution,1
VKRVVRTEDLDRKPGAAKQTCGPMMIKCMYYLNSKKTAANCAKRAWKGCK,Substitution,0
KWDWHHNPRAFGGRLIPIQKTEIWKSRLLFTVIETILAHQHWSIALFGNY,Insertion,0
CRPWLSFHLFKRVHPDKFMLWLVIRYLAEDKWAGECMNCGSSCHTPSMSY,Substitution,0
EWWLCYKLGPSGKDHQWEYGCHATASFLIRTEMMFMNMKLPTTRQATSPH,Insertion,1
GELQWAAGHDIQLWQGGNMRMRFKQAPTMDWDSGHVYPVQEHRNLAQSAK,Insertion,1
QSPIMVYEKITGEDEMKWDEWCYPLLQCRMQWVWRHWFNYDVRGYTDELC,Insertion,1
QFALCADYMPEPVRLKLEGNIALKRRRIWQPADHYHLQCNSFVVPCELFH,Deletion,1
SEQMDHERGLVPPHYAECNSWVAQVKWACPRQASYYFRGKQQQGEMTLIN,Insertion,1
GSRFVNLCCRNEMVAMVLNHRGGHLFQARAMYLWSNKDCYWAERCKMRLA,Deletion,0
ADVEPKFTFALNVSTMTAWRWDFLQQKWNLPCGSPYEGTCCDKLMRMDCI,Insertion,1
TNPYAYFESSQMACQIMVTYHVMVTYTEGNCPWKYACNLRKDKFVPIGDY,Insertion,0
TEGSQVIECRMGECSNPVYAIPEVFQCIVAPEKGINKPEDDWMLDDQHAD,Substitution,0
VETNPLKVNDGLRDREHMPEATMQCRNQYETANLWLHIAVGEYKPKRCKR,Deletion,1
CSQGGSLKHMVHIAYLINVTYVHQAITVFHAMFDGNGYKMYTSARSHGWW,Insertion,0
YQHRHQACMYGLQPVTYYSFGYHDAWALPHLSKAVNTALPWYSEFVPPQG,Deletion,1
LQPNYGERELFNQKFTCDLGIDYKKYNYWCNHKHAFARMYLMQTAYTKDA,Substitution,1
DNQPDPGKAETMVGGSCCPANALLTLHAGEPFKKGPDNKMSHLQMHYKFE,Substitution,1
MDCDGYMHITHSPPQQGAFGKGFVAELDWDIHMQYKRCPYMHTFAHCNFR,Substitution,0
YESSRLVQHFLQTMTWEPNKRGKDKHYNGEVFEWASEEGYNDCFYCRQMW,Deletion,0
HLSWDSSYADWVLENGNDIGSNDYTMMPRCSPSRGGAVWHYCGPDICTHC,Insertion,0
QSYIRMMMTHELDICLHAFLCGHNWKERLHDNITMYQEVFYNACVDDAAI,Insertion,0
LAHRPHHWKHKKDHMEVWFYLWCFTIMLAWIYKLKYGSCLWQGPLCEDFE,Substitution,0
MRKHMPHWMTICKPMFAAHKFGVEGPKTKVEVPIKWEMQTCIFGTWYKRM,Deletion,1
CANYNHVTVPHVHIDNRHESHCWGMCRHPRRSFLGFWKVSTHCPFIPWEC,Insertion,1
YWAIQFGLPDSYTALRKFMISHDVVSSNHDFVRTRCPVPPCGDAVDYNIT,Insertion,1
RYWDTGIHQRLNQCYNTTQGLYHRTRVPWRVMPRYWFMYYGLCWWAIPIF,Deletion,0
SIQCYLRHLAMKENDQEDCYIEEFWHFGVMDDRKLTYWWNTIMCRAYWNC,Substitution,1
YQDLPEAKSAPWEIALADVYTIFRAEHCKEGLFRRPYHTIEWDQWWDYHT,Insertion,0
VDDQEKVCTQHGPVGFDETSNVDVVVVQWHETRYSNVWELHNLELDNLPY,Substitution,0
MVHKYWYQIFVYTNLIFTTELFDALQFGRAHNKDNEQIQEYHFPHPCQGM,Substitution,1
YEILPNDLCMWVDPWDDCWTHTYMYRIVFMPDVPIQALVEWYWDEVPFDR,Insertion,1
HQYQWLVDHTRDRARVYYCVWIQYSEDDNLPLKFQEYMMRHHHPWLDADY,Deletion,1
RCTSLRKRLAEPMWLDSHQFDAFFGCLNWSDVEWFVGFFSPNKTFCTMDD,Deletion,1
APHIETRVSTHNSNKHSWIHWIFPCKVTNQLWFSWYKQWINYDVTLQGCS,Insertion,0
HMHHFKADTWDFQNDSSKQMNDWTWKFGFRMMFPTKFHKYMIAWNTALID,Substitution,0
GVQCQKVYRKFEVDFESHPAWMKEPNWGMWQHKEGWTPMWKTEPGEPKCW,Substitution,0
MCYGYPSNLVGIQHEYACRCMNSPYCIHAHDRRTNRNEMMFWVDYYLQCE,Substitution,0
FWQINPLMRFYCKCWSLACAQGSGINDQNNSIAFWLTYVMIKRYCDKQKY,Deletion,0
FKDCKYMRDTRLTMIKLHEQYSISQSWSEVCYYIDMAVINWYVDYAQLWF,Substitution,1
KMPKINRQNNAYPGRFIPVRLAVDCSVTLPIDHSLDPRQDHNGTCDEHHC,Insertion,0
GDDNWRSSTCRLHWPELMTYADVWHMAPCFWGKAYKAPHVQDKYYTINAK,Deletion,1
NCEHAIEFDQNCIFAQIQQLFHQASQMATKDWLDYQKMNHDMGFRWPVRS,Substitution,1
HFRTRGRMLLFAADQYCPPSKANWKYKHYRLARSCWYLKEDMLCRSEQIC,Insertion,0
NAMANNCIWLVRPFIYKPPYEPPTRDDLPITERMTAKPLEQWQAFHPWGN,Deletion,1
PITGHSHSRSAHVAQEFFLCIFILVQWFRWTQYSPCCNCVYIHFAWPWYT,Substitution,0
MPIDPMRKKIKAFKQQDKLWQNIELESDNRHWCYQQDFSKFDILWMWQTQ,Deletion,1
IECTAHMIPWHAMCIWYWFMRPTGYWSVSYPNKTWWRLCPEDLYEHEYQL,Insertion,0
IEEMLVKWCIEFMMGEHEDPIAHWGVYLFKWTTCKKGNFCFHHRWWKGSI,Deletion,1
MKLAKWMGLEVGGDIRDHAEPCHGMRFTLNIQSCELHFSCVQICTVPEQA,Insertion,0
PDEACDDYCYRFQMIPEDCKLNLAWNVAFIQWWANAFLPKKRHHLAGKCN,Insertion,1
YNWSVLFIWLPVVCRPATAPMTRAACQSRVTFDSDEQNMHLGEMIRKQAC,Insertion,0
IFSQWIYRMDNLTPKRHIEIQNQLETHSRDLFGVQSTCGEECQIRCCAVQ,Insertion,1
YNVMECAKVRMVATWPMVIQERYQVDWLLQADQETFDGPPSSYYYLEQGW,Deletion,1
DSADSMVCFKHRLYLWEPVEFHAPQTILPPMEVPLSNETWQNFRLACMRL,Substitution,0
FNDICHVHQSQYHRDPWPGCNYRNACKMAGLPIQYIAVYFGGCLNVLQIW,Insertion,1
PPGGYAKPEVLTSDDEVMQSPGINHFIENIRSYCSMDTCYHFCNVGHQRF,Substitution,0
THSIAEAGRELVCIPRIFIYIPKYCWYPAYMCLCADKFDYGTTSDQTLGH,Deletion,0
KQMICQYQLRRGPSITNYVTWYTCQHREINPVFMAHNYKDSCWHFDYRKQ,Substitution,0
QSLVLQYDFVHKKWSYCNVISKSWFNRPAVCGEENMTENNTFNLWFSCKQ,Substitution,1
WMAQQATIEPQHATSQENTKDMIEMEIGANMNYKWYRLCNRHWNCIHFSR,Deletion,0
VERFGKKHDEWKGPMKHTIHHDVIYEPHMQKPHYAHHEVNAYGMMFYIMR,Substitution,0
MIHLPNFYKQQRLKKPRLIVYQRETCIEVKTDMLKTMWRAHFRNEFAQRH,Deletion,1
MKKGKVYWITPVEVVCVFELVTEIFRQWYLLNFGYGLQHVAAQLFLSMIE,Substitution,0
WFMGSKSYSHVTFNESVRATWTTCHYSNVKFRNPIQRECGNCNWVHQTMQ,Substitution,0
VVIKESLPYGTNFTSNWTWWVERSDQSQSEPYGDIPQVPNVQAMVNMYFG,Deletion,0
DSDGCHTQESNGMYYQCLAICHRHDPSLIRWKFAEKVGGSRVNTWKVPVV,Substitution,1
CARHLALHITDQKMILQGWAGQDSVNFIVDAHLNHGMSTQIIESCGMCHP,Substitution,0
CDAQMHETIVPISMKHFDRHGQKPSWPLCCDTVNNGWINFQWYWNLYAAD,Deletion,0
PGERVWDSESSNAVLVQEERDKCYSSRAADQRGPLDWESCYFKCISSKCL,Deletion,1
EHNRMYRCIPTKRKTEIETPKAMHLNDIFMWHHIQNAWEIILRSYQKQLE,Deletion,0
MDNAYPWYVQENKSYYARMEYWYGQYKLFYCCTQEPHREFLYDFQHWDCS,Insertion,1
YLEPIQYTCCIMQSACIWLEWNTHNIGGIKKCCGTPEMHNIDLFKKSQGC,Deletion,1
CVCIMIMFPYYLSSNLTEHGWCLGIYADWRKMRSIKRRDQLEYTGIFAQA,Substitution,0
EGIQITCHEWNRGVMGRSELYFPNMCFVPFVAMVKYAKYLMVYESALQCH,Insertion,1
VAGRAQQYHSMRCTGRMGAKMGGCQFSWRLCPTLPQDYHLLNVSDNMKFS,Insertion,1
LAMLVDLNVWFINERIMKWKPCGVWRWKGPFDNKDMHTKKKDDDVDSLQY,Insertion,0
TAVFMASLSECAEVYRLMRSMWQRLKVMSKHSWPVHQPFSKNDRMEQGYN,Substitution,0
DRFKDQFHVLQWPIHNRKCDDGDSHPNSDQRRIFTKVKWLMMQCLPPYGR,Deletion,0
CMYCRQQGMEKLWNRWDRYAKDHQPMREMMMMALFMNSARYPCLRSMVMC,Deletion,0
PNPWWGAQLLIMFVTGRQAPDYPMHCLSLVPCSVPPTFQFACIQDTQHCE,Insertion,0
RFYHNYEFPGRMMLQTKMLFKMQQSLFECGRHHNYYVESLIYIPITKIPA,Insertion,1
DRTGCSTVYMLVVDFQESEGYSQEDGLPTLNEKLPYLTGHEKCPVDFDLQ,Substitution,1
CQKFSNNHSVLSLKCHESWRDGISQDSKTQMRDHEGAAGKQPWCLQMTLT,Insertion,0
FSTLSKFFDPGTPDSWRHCAKIPMQTWDGTRRDCGRNDHLCSLLWSPRYW,Deletion,0
CEKQLDHPNDVMQNITQSDACRMCTNYTTPGSGGLFINKMCTVISYFRRA,Insertion,0
WRHMDYNTEKMNIGNDHHTCRNNWQVYLLTEDANQRLHVCANLPSHYEKP,Substitution,1
SPATYYVINEFDCWHHLGHDGEVTLELNWKWRHEQKKQQKLVNISQMGVR,Substitution,0
GNNKQGPWTVLHFGDMGQTQIMLIYAEEAYKYDRDRNGQWQHSEVNHPPK,Insertion,1
SAIVEINNRCCGPQFHESYNVHGTTIAYEHFMLHGDRIAQLDTIVPHNIW,Substitution,1
KGPVFMECRCWPNTMGVVLQQMPNHFIMYKFPRKLQIKGCCTEFDHWDVP,Substitution,1
QWQVYDWSFQRRYCKVYWCFDNCMCQQQNMDTCRMMRRGDFWSTTHNKCV,Substitution,1
VYTATTKHKSNYMNKHPVQYTPLDCPHYKHDMKGCVKEANPNLARKMIML,Insertion,0
GACAYKGMYVKKPFWMLDMHMNDWPLEEKMHHVEFNCPQYKKNKGSSCYM,Insertion,0
